Date_measurement,RWZI_AWZI_code,RWZI_AWZI_name,X_coordinate,Y_coordinate,Postal_code,Security_region_code,Security_region_name,Percentage_in_security_region,RNA_per_ml,Representative_measurement
2020-03-30,32002,Tilburg,132554,401565,5048TD,VR20,Midden- en West-Brabant,1,1837,TRUE
2020-03-31,3010,Assen,234705,558203,9403AK,VR03,Drenthe,1,2254,TRUE
2020-03-31,1033,Garmerwolde,240219,585040,9798TC,VR01,Groningen,1,427,TRUE
2020-03-31,2032,Harlingen,159027,576146,8861KT,VR02,Friesland,1,869,TRUE
2020-03-31,2011,Leeuwarden,184401,578940,8937AN,VR02,Friesland,1,424,TRUE
2020-03-31,1008,Stadskanaal,260571,559393,9501LH,VR01,Groningen,1,200,TRUE
2020-03-31,10009,Utrecht,135481,458130,3552TJ,VR09,Utrecht,1,1826,TRUE
2020-03-31,4026,Zwolle,199604,502805,8042PK,VR04,IJsselland,1,890,TRUE
2020-04-01,9016,Arnhem,187878,442241,6841HJ,VR07,Gelderland-Midden,"0,864490095",984,TRUE
2020-04-01,9016,Arnhem,187878,442241,6841HJ,VR08,Gelderland-Zuid,"0,135509905",984,TRUE
2020-04-01,7022,Etten,218761,438451,7061GK,VR06,Noord- en Oost-Gelderland,1,2493,TRUE
2020-04-01,13010,Haarlem-Waarderpolder,105881,489932,2031BH,VR12,Kennemerland,1,1606,TRUE
2020-04-01,15005,Houtrust,78484,455921,2566GJ,VR15,Haaglanden,1,2939,FALSE
2020-04-01,25020,Kaatsheuvel,129083,407604,5171VG,VR20,Midden- en West-Brabant,1,2025,TRUE
2020-04-01,25027,Lage Zwaluwe,107818,414149,4926CZ,VR20,Midden- en West-Brabant,1,883,TRUE
2020-04-01,13030,Leimuiden,104642,470631,2451VX,VR16,Hollands-Midden,"0,855650522",1642,TRUE
2020-04-01,13030,Leimuiden,104642,470631,2451VX,VR12,Kennemerland,"0,144349478",1642,TRUE
2020-04-01,5012,Oldenzaal,257703,481136,7576PE,VR05,Twente,1,1611,TRUE
2020-04-01,3028,Sleen,249969,532246,7841BP,VR03,Drenthe,1,721,TRUE
2020-04-01,23002,Terneuzen,46894,368651,4538BJ,VR19,Zeeland,1,732,TRUE
2020-04-02,12022,Beverwijk,106373,498868,1948NS,VR12,Kennemerland,"0,435961337",1041,TRUE
2020-04-02,12022,Beverwijk,106373,498868,1948NS,VR10,Noord-Holland-Noord,"0,107744265",1041,TRUE
2020-04-02,12022,Beverwijk,106373,498868,1948NS,VR11,Zaanstreek-Waterland,"0,456294399",1041,TRUE
2020-04-02,30007,Maastricht-Bosscherveld,175697,319239,6219NW,VR24,Limburg-Zuid,1,4350,TRUE
2020-04-02,30020,Venraij,196603,395898,5804CG,VR23,Limburg-Noord,1,1802,TRUE
2020-04-05,10027,Amersfoort,152483,464648,3812RH,VR09,Utrecht,1,1344,TRUE
2020-04-05,27008,Den Bosch,147493,415446,5221CD,VR21,Brabant-Noord,1,1689,TRUE
2020-04-05,29003,Land van Cuijk,189957,411781,5443PL,VR21,Brabant-Noord,1,4264,TRUE
2020-04-05,6004,Lelystad,158268,501627,8243PE,VR25,Flevoland,1,729,TRUE
2020-04-05,23002,Terneuzen,46894,368651,4538BJ,VR19,Zeeland,1,1336,TRUE
2020-04-05,4027,Tollebeek,175622,521799,8309PP,VR25,Flevoland,1,1668,TRUE
2020-04-06,28005,Dinther,165227,405407,5473XL,VR21,Brabant-Noord,1,3224,TRUE
2020-04-06,32002,Tilburg,132554,401565,5048TD,VR20,Midden- en West-Brabant,1,222,TRUE
2020-04-07,9016,Arnhem,187878,442241,6841HJ,VR07,Gelderland-Midden,"0,864490095",175,TRUE
2020-04-07,9016,Arnhem,187878,442241,6841HJ,VR08,Gelderland-Zuid,"0,135509905",175,TRUE
2020-04-07,3010,Assen,234705,558203,9403AK,VR03,Drenthe,1,74,TRUE
2020-04-07,1033,Garmerwolde,240219,585040,9798TC,VR01,Groningen,1,951,TRUE
2020-04-07,13010,Haarlem-Waarderpolder,105881,489932,2031BH,VR12,Kennemerland,1,1546,TRUE
2020-04-07,2032,Harlingen,159027,576146,8861KT,VR02,Friesland,1,321,TRUE
2020-04-07,2011,Leeuwarden,184401,578940,8937AN,VR02,Friesland,1,903,TRUE
2020-04-07,13030,Leimuiden,104642,470631,2451VX,VR16,Hollands-Midden,"0,855650522",870,TRUE
2020-04-07,13030,Leimuiden,104642,470631,2451VX,VR12,Kennemerland,"0,144349478",870,TRUE
2020-04-07,1008,Stadskanaal,260571,559393,9501LH,VR01,Groningen,1,37,TRUE
2020-04-07,10009,Utrecht,135481,458130,3552TJ,VR09,Utrecht,1,1484,TRUE
2020-04-07,21001,Walcheren,31809,385219,4389VM,VR19,Zeeland,1,1053,TRUE
2020-04-07,4026,Zwolle,199604,502805,8042PK,VR04,IJsselland,1,1844,TRUE
2020-04-08,12022,Beverwijk,106373,498868,1948NS,VR12,Kennemerland,"0,435961337",1093,TRUE
2020-04-08,12022,Beverwijk,106373,498868,1948NS,VR10,Noord-Holland-Noord,"0,107744265",1093,TRUE
2020-04-08,12022,Beverwijk,106373,498868,1948NS,VR11,Zaanstreek-Waterland,"0,456294399",1093,TRUE
2020-04-08,7022,Etten,218761,438451,7061GK,VR06,Noord- en Oost-Gelderland,1,2199,TRUE
2020-04-08,25020,Kaatsheuvel,129083,407604,5171VG,VR20,Midden- en West-Brabant,1,1585,TRUE
2020-04-08,25027,Lage Zwaluwe,107818,414149,4926CZ,VR20,Midden- en West-Brabant,1,1990,TRUE
2020-04-08,6004,Lelystad,158268,501627,8243PE,VR25,Flevoland,1,1658,TRUE
2020-04-08,30007,Maastricht-Bosscherveld,175697,319239,6219NW,VR24,Limburg-Zuid,1,4706,TRUE
2020-04-08,5012,Oldenzaal,257703,481136,7576PE,VR05,Twente,1,785,TRUE
2020-04-08,3028,Sleen,249969,532246,7841BP,VR03,Drenthe,1,128,TRUE
2020-04-08,4027,Tollebeek,175622,521799,8309PP,VR25,Flevoland,1,1858,TRUE
2020-04-08,30020,Venraij,196603,395898,5804CG,VR23,Limburg-Noord,1,991,TRUE
2020-04-09,27008,Den Bosch,147493,415446,5221CD,VR21,Brabant-Noord,1,820,TRUE
2020-04-09,28005,Dinther,165227,405407,5473XL,VR21,Brabant-Noord,1,1913,TRUE
2020-04-10,9016,Arnhem,187878,442241,6841HJ,VR07,Gelderland-Midden,"0,864490095",892,TRUE
2020-04-10,9016,Arnhem,187878,442241,6841HJ,VR08,Gelderland-Zuid,"0,135509905",892,TRUE
2020-04-13,10027,Amersfoort,152483,464648,3812RH,VR09,Utrecht,1,815,TRUE
2020-04-13,1033,Garmerwolde,240219,585040,9798TC,VR01,Groningen,1,75,TRUE
2020-04-13,13010,Haarlem-Waarderpolder,105881,489932,2031BH,VR12,Kennemerland,1,271,TRUE
2020-04-13,15005,Houtrust,78484,455921,2566GJ,VR15,Haaglanden,1,797,TRUE
2020-04-13,29003,Land van Cuijk,189957,411781,5443PL,VR21,Brabant-Noord,1,3663,TRUE
2020-04-13,13030,Leimuiden,104642,470631,2451VX,VR16,Hollands-Midden,"0,855650522",485,TRUE
2020-04-13,13030,Leimuiden,104642,470631,2451VX,VR12,Kennemerland,"0,144349478",485,TRUE
2020-04-13,32002,Tilburg,132554,401565,5048TD,VR20,Midden- en West-Brabant,1,2538,TRUE
2020-04-14,3010,Assen,234705,558203,9403AK,VR03,Drenthe,1,18,TRUE
2020-04-14,2032,Harlingen,159027,576146,8861KT,VR02,Friesland,1,572,FALSE
2020-04-14,2011,Leeuwarden,184401,578940,8937AN,VR02,Friesland,1,58,TRUE
2020-04-14,1008,Stadskanaal,260571,559393,9501LH,VR01,Groningen,1,146,TRUE
2020-04-14,10009,Utrecht,135481,458130,3552TJ,VR09,Utrecht,1,552,TRUE
2020-04-14,21001,Walcheren,31809,385219,4389VM,VR19,Zeeland,1,168,TRUE
2020-04-14,4026,Zwolle,199604,502805,8042PK,VR04,IJsselland,1,757,TRUE
2020-04-15,12022,Beverwijk,106373,498868,1948NS,VR12,Kennemerland,"0,435961337",332,TRUE
2020-04-15,12022,Beverwijk,106373,498868,1948NS,VR10,Noord-Holland-Noord,"0,107744265",332,TRUE
2020-04-15,12022,Beverwijk,106373,498868,1948NS,VR11,Zaanstreek-Waterland,"0,456294399",332,TRUE
2020-04-15,7022,Etten,218761,438451,7061GK,VR06,Noord- en Oost-Gelderland,1,711,TRUE
2020-04-15,29003,Land van Cuijk,189957,411781,5443PL,VR21,Brabant-Noord,1,593,TRUE
2020-04-15,6004,Lelystad,158268,501627,8243PE,VR25,Flevoland,1,476,TRUE
2020-04-15,30007,Maastricht-Bosscherveld,175697,319239,6219NW,VR24,Limburg-Zuid,1,972,TRUE
2020-04-15,5012,Oldenzaal,257703,481136,7576PE,VR05,Twente,1,394,TRUE
2020-04-15,3028,Sleen,249969,532246,7841BP,VR03,Drenthe,1,37,TRUE
2020-04-15,4027,Tollebeek,175622,521799,8309PP,VR25,Flevoland,1,1217,TRUE
2020-04-15,30020,Venraij,196603,395898,5804CG,VR23,Limburg-Noord,1,395,TRUE
2020-04-16,27008,Den Bosch,147493,415446,5221CD,VR21,Brabant-Noord,1,632,TRUE
2020-04-16,28005,Dinther,165227,405407,5473XL,VR21,Brabant-Noord,1,808,TRUE
2020-04-16,25020,Kaatsheuvel,129083,407604,5171VG,VR20,Midden- en West-Brabant,1,253,TRUE
2020-04-16,25027,Lage Zwaluwe,107818,414149,4926CZ,VR20,Midden- en West-Brabant,1,390,TRUE
2020-04-16,23002,Terneuzen,46894,368651,4538BJ,VR19,Zeeland,1,86,TRUE
2020-04-17,9016,Arnhem,187878,442241,6841HJ,VR07,Gelderland-Midden,"0,864490095",32,TRUE
2020-04-17,9016,Arnhem,187878,442241,6841HJ,VR08,Gelderland-Zuid,"0,135509905",32,TRUE
2020-04-19,10027,Amersfoort,152483,464648,3812RH,VR09,Utrecht,1,293,TRUE
2020-04-19,13030,Leimuiden,104642,470631,2451VX,VR16,Hollands-Midden,"0,855650522",312,TRUE
2020-04-19,13030,Leimuiden,104642,470631,2451VX,VR12,Kennemerland,"0,144349478",312,TRUE
2020-04-20,13010,Haarlem-Waarderpolder,105881,489932,2031BH,VR12,Kennemerland,1,91,TRUE
2020-04-20,15005,Houtrust,78484,455921,2566GJ,VR15,Haaglanden,1,245,TRUE
2020-04-20,32002,Tilburg,132554,401565,5048TD,VR20,Midden- en West-Brabant,1,412,TRUE
2020-04-21,3010,Assen,234705,558203,9403AK,VR03,Drenthe,1,37,TRUE
2020-04-21,2032,Harlingen,159027,576146,8861KT,VR02,Friesland,1,1050,TRUE
2020-04-21,2011,Leeuwarden,184401,578940,8937AN,VR02,Friesland,1,114,TRUE
2020-04-21,6004,Lelystad,158268,501627,8243PE,VR25,Flevoland,1,490,TRUE
2020-04-21,1008,Stadskanaal,260571,559393,9501LH,VR01,Groningen,1,63,TRUE
2020-04-21,23002,Terneuzen,46894,368651,4538BJ,VR19,Zeeland,1,485,TRUE
2020-04-21,10009,Utrecht,135481,458130,3552TJ,VR09,Utrecht,1,347,TRUE
2020-04-21,4026,Zwolle,199604,502805,8042PK,VR04,IJsselland,1,277,TRUE
2020-04-22,12022,Beverwijk,106373,498868,1948NS,VR12,Kennemerland,"0,435961337",173,TRUE
2020-04-22,12022,Beverwijk,106373,498868,1948NS,VR10,Noord-Holland-Noord,"0,107744265",173,TRUE
2020-04-22,12022,Beverwijk,106373,498868,1948NS,VR11,Zaanstreek-Waterland,"0,456294399",173,TRUE
2020-04-22,7022,Etten,218761,438451,7061GK,VR06,Noord- en Oost-Gelderland,1,1250,TRUE
2020-04-22,1033,Garmerwolde,240219,585040,9798TC,VR01,Groningen,1,372,TRUE
2020-04-22,25020,Kaatsheuvel,129083,407604,5171VG,VR20,Midden- en West-Brabant,1,420,TRUE
2020-04-22,25027,Lage Zwaluwe,107818,414149,4926CZ,VR20,Midden- en West-Brabant,1,233,TRUE
2020-04-22,30007,Maastricht-Bosscherveld,175697,319239,6219NW,VR24,Limburg-Zuid,1,861,TRUE
2020-04-22,5012,Oldenzaal,257703,481136,7576PE,VR05,Twente,1,174,TRUE
2020-04-22,3028,Sleen,249969,532246,7841BP,VR03,Drenthe,1,4083,TRUE
2020-04-22,30020,Venraij,196603,395898,5804CG,VR23,Limburg-Noord,1,564,TRUE
2020-04-22,21001,Walcheren,31809,385219,4389VM,VR19,Zeeland,1,82,TRUE
2020-04-23,27008,Den Bosch,147493,415446,5221CD,VR21,Brabant-Noord,1,532,TRUE
2020-04-23,28005,Dinther,165227,405407,5473XL,VR21,Brabant-Noord,1,1698,TRUE
2020-04-23,29003,Land van Cuijk,189957,411781,5443PL,VR21,Brabant-Noord,1,751,TRUE
2020-04-23,4027,Tollebeek,175622,521799,8309PP,VR25,Flevoland,1,9475,TRUE
2020-04-26,13010,Haarlem-Waarderpolder,105881,489932,2031BH,VR12,Kennemerland,1,135,TRUE
2020-04-27,10027,Amersfoort,152483,464648,3812RH,VR09,Utrecht,1,526,TRUE
2020-04-27,15005,Houtrust,78484,455921,2566GJ,VR15,Haaglanden,1,447,TRUE
2020-04-27,13030,Leimuiden,104642,470631,2451VX,VR16,Hollands-Midden,"0,855650522",419,TRUE
2020-04-27,13030,Leimuiden,104642,470631,2451VX,VR12,Kennemerland,"0,144349478",419,TRUE
2020-04-27,6004,Lelystad,158268,501627,8243PE,VR25,Flevoland,1,439,TRUE
2020-04-27,32002,Tilburg,132554,401565,5048TD,VR20,Midden- en West-Brabant,1,561,TRUE
2020-04-28,9016,Arnhem,187878,442241,6841HJ,VR07,Gelderland-Midden,"0,864490095",80,TRUE
2020-04-28,9016,Arnhem,187878,442241,6841HJ,VR08,Gelderland-Zuid,"0,135509905",80,TRUE
2020-04-28,3010,Assen,234705,558203,9403AK,VR03,Drenthe,1,52,TRUE
2020-04-28,2032,Harlingen,159027,576146,8861KT,VR02,Friesland,1,93,TRUE
2020-04-28,29003,Land van Cuijk,189957,411781,5443PL,VR21,Brabant-Noord,1,607,TRUE
2020-04-28,2011,Leeuwarden,184401,578940,8937AN,VR02,Friesland,1,119,TRUE
2020-04-28,1008,Stadskanaal,260571,559393,9501LH,VR01,Groningen,1,26,TRUE
2020-04-28,23002,Terneuzen,46894,368651,4538BJ,VR19,Zeeland,1,723,TRUE
2020-04-28,10009,Utrecht,135481,458130,3552TJ,VR09,Utrecht,1,370,TRUE
2020-04-28,4026,Zwolle,199604,502805,8042PK,VR04,IJsselland,1,338,TRUE
2020-04-29,12022,Beverwijk,106373,498868,1948NS,VR12,Kennemerland,"0,435961337",90,TRUE
2020-04-29,12022,Beverwijk,106373,498868,1948NS,VR10,Noord-Holland-Noord,"0,107744265",90,TRUE
2020-04-29,12022,Beverwijk,106373,498868,1948NS,VR11,Zaanstreek-Waterland,"0,456294399",90,TRUE
2020-04-29,28005,Dinther,165227,405407,5473XL,VR21,Brabant-Noord,1,382,TRUE
2020-04-29,7022,Etten,218761,438451,7061GK,VR06,Noord- en Oost-Gelderland,1,244,TRUE
2020-04-29,1033,Garmerwolde,240219,585040,9798TC,VR01,Groningen,1,71,TRUE
2020-04-29,25020,Kaatsheuvel,129083,407604,5171VG,VR20,Midden- en West-Brabant,1,875,TRUE
2020-04-29,25027,Lage Zwaluwe,107818,414149,4926CZ,VR20,Midden- en West-Brabant,1,52,TRUE
2020-04-29,30007,Maastricht-Bosscherveld,175697,319239,6219NW,VR24,Limburg-Zuid,1,513,TRUE
2020-04-29,5012,Oldenzaal,257703,481136,7576PE,VR05,Twente,1,18,TRUE
2020-04-29,3028,Sleen,249969,532246,7841BP,VR03,Drenthe,1,64,TRUE
2020-04-29,4027,Tollebeek,175622,521799,8309PP,VR25,Flevoland,1,684,TRUE
2020-04-29,30020,Venraij,196603,395898,5804CG,VR23,Limburg-Noord,1,177,TRUE
2020-04-29,21001,Walcheren,31809,385219,4389VM,VR19,Zeeland,1,65,TRUE
2020-04-30,9016,Arnhem,187878,442241,6841HJ,VR07,Gelderland-Midden,"0,864490095",428,TRUE
2020-04-30,9016,Arnhem,187878,442241,6841HJ,VR08,Gelderland-Zuid,"0,135509905",428,TRUE
2020-04-30,15005,Houtrust,78484,455921,2566GJ,VR15,Haaglanden,1,102,TRUE
2020-05-01,13010,Haarlem-Waarderpolder,105881,489932,2031BH,VR12,Kennemerland,1,57,TRUE
2020-05-03,10027,Amersfoort,152483,464648,3812RH,VR09,Utrecht,1,112,TRUE
2020-05-03,9016,Arnhem,187878,442241,6841HJ,VR07,Gelderland-Midden,"0,864490095",250,TRUE
2020-05-03,9016,Arnhem,187878,442241,6841HJ,VR08,Gelderland-Zuid,"0,135509905",250,TRUE
2020-05-03,29003,Land van Cuijk,189957,411781,5443PL,VR21,Brabant-Noord,1,460,TRUE
2020-05-05,3010,Assen,234705,558203,9403AK,VR03,Drenthe,1,0,TRUE
2020-05-05,27008,Den Bosch,147493,415446,5221CD,VR21,Brabant-Noord,1,273,TRUE
2020-05-05,28005,Dinther,165227,405407,5473XL,VR21,Brabant-Noord,1,581,TRUE
2020-05-05,2032,Harlingen,159027,576146,8861KT,VR02,Friesland,1,0,TRUE
2020-05-05,15005,Houtrust,78484,455921,2566GJ,VR15,Haaglanden,1,293,TRUE
2020-05-05,2011,Leeuwarden,184401,578940,8937AN,VR02,Friesland,1,43,TRUE
2020-05-05,1008,Stadskanaal,260571,559393,9501LH,VR01,Groningen,1,334,TRUE
2020-05-05,32002,Tilburg,132554,401565,5048TD,VR20,Midden- en West-Brabant,1,262,TRUE
2020-05-05,4027,Tollebeek,175622,521799,8309PP,VR25,Flevoland,1,1125,TRUE
2020-05-05,10009,Utrecht,135481,458130,3552TJ,VR09,Utrecht,1,229,TRUE
2020-05-05,4026,Zwolle,199604,502805,8042PK,VR04,IJsselland,1,113,TRUE
2020-05-06,12022,Beverwijk,106373,498868,1948NS,VR12,Kennemerland,"0,435961337",18,TRUE
2020-05-06,12022,Beverwijk,106373,498868,1948NS,VR10,Noord-Holland-Noord,"0,107744265",18,TRUE
2020-05-06,12022,Beverwijk,106373,498868,1948NS,VR11,Zaanstreek-Waterland,"0,456294399",18,TRUE
2020-05-06,7022,Etten,218761,438451,7061GK,VR06,Noord- en Oost-Gelderland,1,264,TRUE
2020-05-06,1033,Garmerwolde,240219,585040,9798TC,VR01,Groningen,1,385,TRUE
2020-05-06,25020,Kaatsheuvel,129083,407604,5171VG,VR20,Midden- en West-Brabant,1,380,TRUE
2020-05-06,25027,Lage Zwaluwe,107818,414149,4926CZ,VR20,Midden- en West-Brabant,1,459,TRUE
2020-05-06,13030,Leimuiden,104642,470631,2451VX,VR16,Hollands-Midden,"0,855650522",90,TRUE
2020-05-06,13030,Leimuiden,104642,470631,2451VX,VR12,Kennemerland,"0,144349478",90,TRUE
2020-05-06,6004,Lelystad,158268,501627,8243PE,VR25,Flevoland,1,335,TRUE
2020-05-06,30007,Maastricht-Bosscherveld,175697,319239,6219NW,VR24,Limburg-Zuid,1,516,TRUE
2020-05-06,5012,Oldenzaal,257703,481136,7576PE,VR05,Twente,1,38,TRUE
2020-05-06,3028,Sleen,249969,532246,7841BP,VR03,Drenthe,1,0,TRUE
2020-05-06,23002,Terneuzen,46894,368651,4538BJ,VR19,Zeeland,1,651,TRUE
2020-05-06,30020,Venraij,196603,395898,5804CG,VR23,Limburg-Noord,1,337,TRUE
2020-05-06,21001,Walcheren,31809,385219,4389VM,VR19,Zeeland,1,105,TRUE
2020-05-07,9016,Arnhem,187878,442241,6841HJ,VR07,Gelderland-Midden,"0,864490095",0,TRUE
2020-05-07,9016,Arnhem,187878,442241,6841HJ,VR08,Gelderland-Zuid,"0,135509905",0,TRUE
2020-05-07,13010,Haarlem-Waarderpolder,105881,489932,2031BH,VR12,Kennemerland,1,318,TRUE
2020-05-09,6004,Lelystad,158268,501627,8243PE,VR25,Flevoland,1,222,TRUE
2020-05-10,10027,Amersfoort,152483,464648,3812RH,VR09,Utrecht,1,0,TRUE
2020-05-10,27008,Den Bosch,147493,415446,5221CD,VR21,Brabant-Noord,1,405,TRUE
2020-05-10,28005,Dinther,165227,405407,5473XL,VR21,Brabant-Noord,1,260,TRUE
2020-05-10,29003,Land van Cuijk,189957,411781,5443PL,VR21,Brabant-Noord,1,92,TRUE
2020-05-11,9016,Arnhem,187878,442241,6841HJ,VR07,Gelderland-Midden,"0,864490095",15,TRUE
2020-05-11,9016,Arnhem,187878,442241,6841HJ,VR08,Gelderland-Zuid,"0,135509905",15,TRUE
2020-05-11,1033,Garmerwolde,240219,585040,9798TC,VR01,Groningen,1,43,TRUE
2020-05-11,15005,Houtrust,78484,455921,2566GJ,VR15,Haaglanden,1,680,TRUE
2020-05-11,13030,Leimuiden,104642,470631,2451VX,VR16,Hollands-Midden,"0,855650522",24,TRUE
2020-05-11,13030,Leimuiden,104642,470631,2451VX,VR12,Kennemerland,"0,144349478",24,TRUE
2020-05-11,32002,Tilburg,132554,401565,5048TD,VR20,Midden- en West-Brabant,1,283,TRUE
2020-05-11,4027,Tollebeek,175622,521799,8309PP,VR25,Flevoland,1,716,TRUE
2020-05-11,21001,Walcheren,31809,385219,4389VM,VR19,Zeeland,1,51,TRUE
2020-05-12,3010,Assen,234705,558203,9403AK,VR03,Drenthe,1,16,TRUE
2020-05-12,2032,Harlingen,159027,576146,8861KT,VR02,Friesland,1,0,TRUE
2020-05-12,2011,Leeuwarden,184401,578940,8937AN,VR02,Friesland,1,53,TRUE
2020-05-12,1008,Stadskanaal,260571,559393,9501LH,VR01,Groningen,1,0,TRUE
2020-05-12,10009,Utrecht,135481,458130,3552TJ,VR09,Utrecht,1,258,TRUE
2020-05-12,4026,Zwolle,199604,502805,8042PK,VR04,IJsselland,1,108,TRUE
2020-05-13,12022,Beverwijk,106373,498868,1948NS,VR12,Kennemerland,"0,435961337",47,TRUE
2020-05-13,12022,Beverwijk,106373,498868,1948NS,VR10,Noord-Holland-Noord,"0,107744265",47,TRUE
2020-05-13,12022,Beverwijk,106373,498868,1948NS,VR11,Zaanstreek-Waterland,"0,456294399",47,TRUE
2020-05-13,27008,Den Bosch,147493,415446,5221CD,VR21,Brabant-Noord,1,76,TRUE
2020-05-13,7022,Etten,218761,438451,7061GK,VR06,Noord- en Oost-Gelderland,1,0,TRUE
2020-05-13,13010,Haarlem-Waarderpolder,105881,489932,2031BH,VR12,Kennemerland,1,0,TRUE
2020-05-13,25020,Kaatsheuvel,129083,407604,5171VG,VR20,Midden- en West-Brabant,1,42,TRUE
2020-05-13,25027,Lage Zwaluwe,107818,414149,4926CZ,VR20,Midden- en West-Brabant,1,102,TRUE
2020-05-13,30007,Maastricht-Bosscherveld,175697,319239,6219NW,VR24,Limburg-Zuid,1,240,TRUE
2020-05-13,5012,Oldenzaal,257703,481136,7576PE,VR05,Twente,1,165,TRUE
2020-05-13,3028,Sleen,249969,532246,7841BP,VR03,Drenthe,1,535,TRUE
2020-05-13,23002,Terneuzen,46894,368651,4538BJ,VR19,Zeeland,1,146,TRUE
2020-05-13,30020,Venraij,196603,395898,5804CG,VR23,Limburg-Noord,1,0,TRUE
2020-05-15,6004,Lelystad,158268,501627,8243PE,VR25,Flevoland,1,265,TRUE
2020-05-16,21001,Walcheren,31809,385219,4389VM,VR19,Zeeland,1,52,TRUE
2020-05-17,10027,Amersfoort,152483,464648,3812RH,VR09,Utrecht,1,209,TRUE
2020-05-17,9016,Arnhem,187878,442241,6841HJ,VR07,Gelderland-Midden,"0,864490095",89,TRUE
2020-05-17,9016,Arnhem,187878,442241,6841HJ,VR08,Gelderland-Zuid,"0,135509905",89,TRUE
2020-05-17,27008,Den Bosch,147493,415446,5221CD,VR21,Brabant-Noord,1,188,TRUE
2020-05-17,28005,Dinther,165227,405407,5473XL,VR21,Brabant-Noord,1,165,TRUE
2020-05-17,15005,Houtrust,78484,455921,2566GJ,VR15,Haaglanden,1,758,TRUE
2020-05-17,4027,Tollebeek,175622,521799,8309PP,VR25,Flevoland,1,160,TRUE
2020-05-18,32002,Tilburg,132554,401565,5048TD,VR20,Midden- en West-Brabant,1,211,TRUE
2020-05-19,3010,Assen,234705,558203,9403AK,VR03,Drenthe,1,0,TRUE
2020-05-19,13010,Haarlem-Waarderpolder,105881,489932,2031BH,VR12,Kennemerland,1,0,TRUE
2020-05-19,2032,Harlingen,159027,576146,8861KT,VR02,Friesland,1,0,TRUE
2020-05-19,29003,Land van Cuijk,189957,411781,5443PL,VR21,Brabant-Noord,1,397,TRUE
2020-05-19,2011,Leeuwarden,184401,578940,8937AN,VR02,Friesland,1,0,TRUE
2020-05-19,1008,Stadskanaal,260571,559393,9501LH,VR01,Groningen,1,0,TRUE
2020-05-19,10009,Utrecht,135481,458130,3552TJ,VR09,Utrecht,1,297,TRUE
2020-05-19,4026,Zwolle,199604,502805,8042PK,VR04,IJsselland,1,83,TRUE
2020-05-20,13030,Leimuiden,104642,470631,2451VX,VR16,Hollands-Midden,"0,855650522",68,TRUE
2020-05-20,13030,Leimuiden,104642,470631,2451VX,VR12,Kennemerland,"0,144349478",68,TRUE
2020-05-21,12022,Beverwijk,106373,498868,1948NS,VR12,Kennemerland,"0,435961337",123,TRUE
2020-05-21,12022,Beverwijk,106373,498868,1948NS,VR10,Noord-Holland-Noord,"0,107744265",123,TRUE
2020-05-21,12022,Beverwijk,106373,498868,1948NS,VR11,Zaanstreek-Waterland,"0,456294399",123,TRUE
2020-05-21,7022,Etten,218761,438451,7061GK,VR06,Noord- en Oost-Gelderland,1,2130,TRUE
2020-05-21,25020,Kaatsheuvel,129083,407604,5171VG,VR20,Midden- en West-Brabant,1,428,TRUE
2020-05-21,25027,Lage Zwaluwe,107818,414149,4926CZ,VR20,Midden- en West-Brabant,1,0,TRUE
2020-05-21,6004,Lelystad,158268,501627,8243PE,VR25,Flevoland,1,278,TRUE
2020-05-21,30007,Maastricht-Bosscherveld,175697,319239,6219NW,VR24,Limburg-Zuid,1,968,TRUE
2020-05-21,5012,Oldenzaal,257703,481136,7576PE,VR05,Twente,1,0,TRUE
2020-05-21,3028,Sleen,249969,532246,7841BP,VR03,Drenthe,1,0,TRUE
2020-05-21,30020,Venraij,196603,395898,5804CG,VR23,Limburg-Noord,1,0,TRUE
2020-05-22,1033,Garmerwolde,240219,585040,9798TC,VR01,Groningen,1,108,TRUE
2020-05-22,23002,Terneuzen,46894,368651,4538BJ,VR19,Zeeland,1,0,TRUE
2020-05-22,21001,Walcheren,31809,385219,4389VM,VR19,Zeeland,1,0,TRUE
2020-05-23,4027,Tollebeek,175622,521799,8309PP,VR25,Flevoland,1,63,TRUE
2020-05-24,10027,Amersfoort,152483,464648,3812RH,VR09,Utrecht,1,0,TRUE
2020-05-24,15005,Houtrust,78484,455921,2566GJ,VR15,Haaglanden,1,662,TRUE
2020-05-25,9016,Arnhem,187878,442241,6841HJ,VR07,Gelderland-Midden,"0,864490095",731,TRUE
2020-05-25,9016,Arnhem,187878,442241,6841HJ,VR08,Gelderland-Zuid,"0,135509905",731,TRUE
2020-05-25,13010,Haarlem-Waarderpolder,105881,489932,2031BH,VR12,Kennemerland,1,0,TRUE
2020-05-25,29003,Land van Cuijk,189957,411781,5443PL,VR21,Brabant-Noord,1,91,TRUE
2020-05-25,13030,Leimuiden,104642,470631,2451VX,VR16,Hollands-Midden,"0,855650522",84,TRUE
2020-05-25,13030,Leimuiden,104642,470631,2451VX,VR12,Kennemerland,"0,144349478",84,TRUE
2020-05-25,32002,Tilburg,132554,401565,5048TD,VR20,Midden- en West-Brabant,1,173,TRUE
2020-05-26,3010,Assen,234705,558203,9403AK,VR03,Drenthe,1,0,TRUE
2020-05-26,1033,Garmerwolde,240219,585040,9798TC,VR01,Groningen,1,0,TRUE
2020-05-26,2032,Harlingen,159027,576146,8861KT,VR02,Friesland,1,0,TRUE
2020-05-26,2011,Leeuwarden,184401,578940,8937AN,VR02,Friesland,1,0,TRUE
2020-05-26,1008,Stadskanaal,260571,559393,9501LH,VR01,Groningen,1,0,TRUE
2020-05-26,10009,Utrecht,135481,458130,3552TJ,VR09,Utrecht,1,514,TRUE
2020-05-26,4026,Zwolle,199604,502805,8042PK,VR04,IJsselland,1,21,TRUE
2020-05-27,12022,Beverwijk,106373,498868,1948NS,VR12,Kennemerland,"0,435961337",0,TRUE
2020-05-27,12022,Beverwijk,106373,498868,1948NS,VR10,Noord-Holland-Noord,"0,107744265",0,TRUE
2020-05-27,12022,Beverwijk,106373,498868,1948NS,VR11,Zaanstreek-Waterland,"0,456294399",0,TRUE
2020-05-27,7022,Etten,218761,438451,7061GK,VR06,Noord- en Oost-Gelderland,1,0,TRUE
2020-05-27,6004,Lelystad,158268,501627,8243PE,VR25,Flevoland,1,267,TRUE
2020-05-27,30007,Maastricht-Bosscherveld,175697,319239,6219NW,VR24,Limburg-Zuid,1,2332,TRUE
2020-05-27,5012,Oldenzaal,257703,481136,7576PE,VR05,Twente,1,0,TRUE
2020-05-27,3028,Sleen,249969,532246,7841BP,VR03,Drenthe,1,0,TRUE
2020-05-27,30020,Venraij,196603,395898,5804CG,VR23,Limburg-Noord,1,308,TRUE
2020-05-28,25020,Kaatsheuvel,129083,407604,5171VG,VR20,Midden- en West-Brabant,1,60,TRUE
2020-05-28,25027,Lage Zwaluwe,107818,414149,4926CZ,VR20,Midden- en West-Brabant,1,44,TRUE
2020-05-28,23002,Terneuzen,46894,368651,4538BJ,VR19,Zeeland,1,45,TRUE
2020-05-29,3010,Assen,234705,558203,9403AK,VR03,Drenthe,1,0,TRUE
2020-05-29,1008,Stadskanaal,260571,559393,9501LH,VR01,Groningen,1,50,TRUE
2020-05-29,4027,Tollebeek,175622,521799,8309PP,VR25,Flevoland,1,56,TRUE
2020-06-01,10027,Amersfoort,152483,464648,3812RH,VR09,Utrecht,1,0,TRUE
2020-06-01,13030,Leimuiden,104642,470631,2451VX,VR16,Hollands-Midden,"0,855650522",0,TRUE
2020-06-01,13030,Leimuiden,104642,470631,2451VX,VR12,Kennemerland,"0,144349478",0,TRUE
2020-06-01,5012,Oldenzaal,257703,481136,7576PE,VR05,Twente,1,0,TRUE
2020-06-01,32002,Tilburg,132554,401565,5048TD,VR20,Midden- en West-Brabant,1,437,TRUE
2020-06-02,13010,Haarlem-Waarderpolder,105881,489932,2031BH,VR12,Kennemerland,1,0,TRUE
2020-06-02,2032,Harlingen,159027,576146,8861KT,VR02,Friesland,1,0,TRUE
2020-06-02,29003,Land van Cuijk,189957,411781,5443PL,VR21,Brabant-Noord,1,487,TRUE
2020-06-02,6004,Lelystad,158268,501627,8243PE,VR25,Flevoland,1,226,TRUE
2020-06-02,10009,Utrecht,135481,458130,3552TJ,VR09,Utrecht,1,0,TRUE
2020-06-02,4026,Zwolle,199604,502805,8042PK,VR04,IJsselland,1,180,TRUE
2020-06-03,27008,Den Bosch,147493,415446,5221CD,VR21,Brabant-Noord,1,220,TRUE
2020-06-03,28005,Dinther,165227,405407,5473XL,VR21,Brabant-Noord,1,263,TRUE
2020-06-03,7022,Etten,218761,438451,7061GK,VR06,Noord- en Oost-Gelderland,1,196,TRUE
2020-06-03,1033,Garmerwolde,240219,585040,9798TC,VR01,Groningen,1,110,TRUE
2020-06-03,25020,Kaatsheuvel,129083,407604,5171VG,VR20,Midden- en West-Brabant,1,417,TRUE
2020-06-03,25027,Lage Zwaluwe,107818,414149,4926CZ,VR20,Midden- en West-Brabant,1,0,FALSE
2020-06-03,30007,Maastricht-Bosscherveld,175697,319239,6219NW,VR24,Limburg-Zuid,1,763,TRUE
2020-06-03,30020,Venraij,196603,395898,5804CG,VR23,Limburg-Noord,1,263,TRUE
2020-06-04,9016,Arnhem,187878,442241,6841HJ,VR07,Gelderland-Midden,"0,864490095",25,TRUE
2020-06-04,9016,Arnhem,187878,442241,6841HJ,VR08,Gelderland-Zuid,"0,135509905",25,TRUE
2020-06-04,12022,Beverwijk,106373,498868,1948NS,VR12,Kennemerland,"0,435961337",417,TRUE
2020-06-04,12022,Beverwijk,106373,498868,1948NS,VR10,Noord-Holland-Noord,"0,107744265",417,TRUE
2020-06-04,12022,Beverwijk,106373,498868,1948NS,VR11,Zaanstreek-Waterland,"0,456294399",417,TRUE
2020-06-04,2011,Leeuwarden,184401,578940,8937AN,VR02,Friesland,1,0,TRUE
2020-06-05,15005,Houtrust,78484,455921,2566GJ,VR15,Haaglanden,1,109,TRUE
2020-06-05,3028,Sleen,249969,532246,7841BP,VR03,Drenthe,1,0,TRUE
2020-06-06,23002,Terneuzen,46894,368651,4538BJ,VR19,Zeeland,1,0,TRUE
2020-06-06,21001,Walcheren,31809,385219,4389VM,VR19,Zeeland,1,19,TRUE
2020-06-07,10027,Amersfoort,152483,464648,3812RH,VR09,Utrecht,1,56,TRUE
2020-06-07,13010,Haarlem-Waarderpolder,105881,489932,2031BH,VR12,Kennemerland,1,0,TRUE
2020-06-07,4027,Tollebeek,175622,521799,8309PP,VR25,Flevoland,1,35,TRUE
2020-06-08,1033,Garmerwolde,240219,585040,9798TC,VR01,Groningen,1,29,TRUE
2020-06-08,6004,Lelystad,158268,501627,8243PE,VR25,Flevoland,1,456,TRUE
2020-06-08,32002,Tilburg,132554,401565,5048TD,VR20,Midden- en West-Brabant,1,0,TRUE
2020-06-09,3010,Assen,234705,558203,9403AK,VR03,Drenthe,1,0,TRUE
2020-06-09,27008,Den Bosch,147493,415446,5221CD,VR21,Brabant-Noord,1,112,TRUE
2020-06-09,28005,Dinther,165227,405407,5473XL,VR21,Brabant-Noord,1,143,TRUE
2020-06-09,13030,Leimuiden,104642,470631,2451VX,VR16,Hollands-Midden,"0,855650522",0,TRUE
2020-06-09,13030,Leimuiden,104642,470631,2451VX,VR12,Kennemerland,"0,144349478",0,TRUE
2020-06-09,1008,Stadskanaal,260571,559393,9501LH,VR01,Groningen,1,88,TRUE
2020-06-09,10009,Utrecht,135481,458130,3552TJ,VR09,Utrecht,1,128,TRUE
2020-06-10,9016,Arnhem,187878,442241,6841HJ,VR07,Gelderland-Midden,"0,864490095",40,TRUE
2020-06-10,9016,Arnhem,187878,442241,6841HJ,VR08,Gelderland-Zuid,"0,135509905",40,TRUE
2020-06-10,12022,Beverwijk,106373,498868,1948NS,VR12,Kennemerland,"0,435961337",0,TRUE
2020-06-10,12022,Beverwijk,106373,498868,1948NS,VR10,Noord-Holland-Noord,"0,107744265",0,TRUE
2020-06-10,12022,Beverwijk,106373,498868,1948NS,VR11,Zaanstreek-Waterland,"0,456294399",0,TRUE
2020-06-10,7022,Etten,218761,438451,7061GK,VR06,Noord- en Oost-Gelderland,1,0,TRUE
2020-06-10,15005,Houtrust,78484,455921,2566GJ,VR15,Haaglanden,1,299,TRUE
2020-06-10,25027,Lage Zwaluwe,107818,414149,4926CZ,VR20,Midden- en West-Brabant,1,0,TRUE
2020-06-10,29003,Land van Cuijk,189957,411781,5443PL,VR21,Brabant-Noord,1,184,TRUE
2020-06-10,30007,Maastricht-Bosscherveld,175697,319239,6219NW,VR24,Limburg-Zuid,1,399,TRUE
2020-06-10,5012,Oldenzaal,257703,481136,7576PE,VR05,Twente,1,0,TRUE
2020-06-10,30020,Venraij,196603,395898,5804CG,VR23,Limburg-Noord,1,29,TRUE
2020-06-10,4026,Zwolle,199604,502805,8042PK,VR04,IJsselland,1,0,TRUE
2020-06-11,25020,Kaatsheuvel,129083,407604,5171VG,VR20,Midden- en West-Brabant,1,157,TRUE
2020-06-11,4027,Tollebeek,175622,521799,8309PP,VR25,Flevoland,1,567,TRUE
2020-06-11,21001,Walcheren,31809,385219,4389VM,VR19,Zeeland,1,246,TRUE
2020-06-12,2032,Harlingen,159027,576146,8861KT,VR02,Friesland,1,0,TRUE
2020-06-12,2011,Leeuwarden,184401,578940,8937AN,VR02,Friesland,1,0,TRUE
2020-06-14,10027,Amersfoort,152483,464648,3812RH,VR09,Utrecht,1,369,TRUE
2020-06-14,1033,Garmerwolde,240219,585040,9798TC,VR01,Groningen,1,0,TRUE
2020-06-14,23002,Terneuzen,46894,368651,4538BJ,VR19,Zeeland,1,0,TRUE
2020-06-15,27008,Den Bosch,147493,415446,5221CD,VR21,Brabant-Noord,1,0,TRUE
2020-06-15,28005,Dinther,165227,405407,5473XL,VR21,Brabant-Noord,1,0,TRUE
2020-06-15,13010,Haarlem-Waarderpolder,105881,489932,2031BH,VR12,Kennemerland,1,0,TRUE
2020-06-15,15005,Houtrust,78484,455921,2566GJ,VR15,Haaglanden,1,153,TRUE
2020-06-15,13030,Leimuiden,104642,470631,2451VX,VR16,Hollands-Midden,"0,855650522",0,TRUE
2020-06-15,13030,Leimuiden,104642,470631,2451VX,VR12,Kennemerland,"0,144349478",0,TRUE
2020-06-15,32002,Tilburg,132554,401565,5048TD,VR20,Midden- en West-Brabant,1,94,TRUE
2020-06-15,4026,Zwolle,199604,502805,8042PK,VR04,IJsselland,1,65,TRUE
2020-06-16,9016,Arnhem,187878,442241,6841HJ,VR07,Gelderland-Midden,"0,864490095",196,TRUE
2020-06-16,9016,Arnhem,187878,442241,6841HJ,VR08,Gelderland-Zuid,"0,135509905",196,TRUE
2020-06-16,12022,Beverwijk,106373,498868,1948NS,VR12,Kennemerland,"0,435961337",0,TRUE
2020-06-16,12022,Beverwijk,106373,498868,1948NS,VR10,Noord-Holland-Noord,"0,107744265",0,TRUE
2020-06-16,12022,Beverwijk,106373,498868,1948NS,VR11,Zaanstreek-Waterland,"0,456294399",0,TRUE
2020-06-16,25027,Lage Zwaluwe,107818,414149,4926CZ,VR20,Midden- en West-Brabant,1,73,TRUE
2020-06-16,10009,Utrecht,135481,458130,3552TJ,VR09,Utrecht,1,168,TRUE
2020-06-17,3010,Assen,234705,558203,9403AK,VR03,Drenthe,1,0,TRUE
2020-06-17,7022,Etten,218761,438451,7061GK,VR06,Noord- en Oost-Gelderland,1,0,TRUE
2020-06-17,2032,Harlingen,159027,576146,8861KT,VR02,Friesland,1,0,TRUE
2020-06-17,29003,Land van Cuijk,189957,411781,5443PL,VR21,Brabant-Noord,1,94,TRUE
2020-06-17,2011,Leeuwarden,184401,578940,8937AN,VR02,Friesland,1,81,TRUE
2020-06-17,30007,Maastricht-Bosscherveld,175697,319239,6219NW,VR24,Limburg-Zuid,1,46,TRUE
2020-06-17,1008,Stadskanaal,260571,559393,9501LH,VR01,Groningen,1,0,TRUE
2020-06-17,4027,Tollebeek,175622,521799,8309PP,VR25,Flevoland,1,0,TRUE
2020-06-17,30020,Venraij,196603,395898,5804CG,VR23,Limburg-Noord,1,29,TRUE
2020-06-18,25020,Kaatsheuvel,129083,407604,5171VG,VR20,Midden- en West-Brabant,1,0,TRUE
2020-06-18,5012,Oldenzaal,257703,481136,7576PE,VR05,Twente,1,0,TRUE
2020-06-18,3028,Sleen,249969,532246,7841BP,VR03,Drenthe,1,0,TRUE
2020-06-18,23002,Terneuzen,46894,368651,4538BJ,VR19,Zeeland,1,0,TRUE
2020-06-18,21001,Walcheren,31809,385219,4389VM,VR19,Zeeland,1,0,TRUE
2020-06-19,1033,Garmerwolde,240219,585040,9798TC,VR01,Groningen,1,0,TRUE
2020-06-21,10027,Amersfoort,152483,464648,3812RH,VR09,Utrecht,1,0,TRUE
2020-06-21,27008,Den Bosch,147493,415446,5221CD,VR21,Brabant-Noord,1,80,TRUE
2020-06-21,28005,Dinther,165227,405407,5473XL,VR21,Brabant-Noord,1,304,TRUE
2020-06-21,13010,Haarlem-Waarderpolder,105881,489932,2031BH,VR12,Kennemerland,1,0,TRUE
2020-06-21,2011,Leeuwarden,184401,578940,8937AN,VR02,Friesland,1,0,TRUE
2020-06-21,6004,Lelystad,158268,501627,8243PE,VR25,Flevoland,1,90,TRUE
2020-06-22,9016,Arnhem,187878,442241,6841HJ,VR07,Gelderland-Midden,"0,864490095",0,TRUE
2020-06-22,9016,Arnhem,187878,442241,6841HJ,VR08,Gelderland-Zuid,"0,135509905",0,TRUE
2020-06-22,12022,Beverwijk,106373,498868,1948NS,VR12,Kennemerland,"0,435961337",0,TRUE
2020-06-22,12022,Beverwijk,106373,498868,1948NS,VR10,Noord-Holland-Noord,"0,107744265",0,TRUE
2020-06-22,12022,Beverwijk,106373,498868,1948NS,VR11,Zaanstreek-Waterland,"0,456294399",0,TRUE
2020-06-22,15005,Houtrust,78484,455921,2566GJ,VR15,Haaglanden,1,0,TRUE
2020-06-22,13030,Leimuiden,104642,470631,2451VX,VR16,Hollands-Midden,"0,855650522",30,TRUE
2020-06-22,13030,Leimuiden,104642,470631,2451VX,VR12,Kennemerland,"0,144349478",30,TRUE
2020-06-22,32002,Tilburg,132554,401565,5048TD,VR20,Midden- en West-Brabant,1,50,TRUE
2020-06-23,3010,Assen,234705,558203,9403AK,VR03,Drenthe,1,0,TRUE
2020-06-23,25020,Kaatsheuvel,129083,407604,5171VG,VR20,Midden- en West-Brabant,1,135,TRUE
2020-06-23,25027,Lage Zwaluwe,107818,414149,4926CZ,VR20,Midden- en West-Brabant,1,0,TRUE
2020-06-23,5012,Oldenzaal,257703,481136,7576PE,VR05,Twente,1,0,TRUE
2020-06-23,3028,Sleen,249969,532246,7841BP,VR03,Drenthe,1,0,TRUE
2020-06-23,1008,Stadskanaal,260571,559393,9501LH,VR01,Groningen,1,0,TRUE
2020-06-23,4027,Tollebeek,175622,521799,8309PP,VR25,Flevoland,1,129,TRUE
2020-06-23,10009,Utrecht,135481,458130,3552TJ,VR09,Utrecht,1,24,TRUE
2020-06-23,21001,Walcheren,31809,385219,4389VM,VR19,Zeeland,1,0,TRUE
2020-06-23,4026,Zwolle,199604,502805,8042PK,VR04,IJsselland,1,0,TRUE
2020-06-24,7022,Etten,218761,438451,7061GK,VR06,Noord- en Oost-Gelderland,1,0,TRUE
2020-06-24,30007,Maastricht-Bosscherveld,175697,319239,6219NW,VR24,Limburg-Zuid,1,0,TRUE
2020-06-24,23002,Terneuzen,46894,368651,4538BJ,VR19,Zeeland,1,0,TRUE
2020-06-24,30020,Venraij,196603,395898,5804CG,VR23,Limburg-Noord,1,0,TRUE
2020-06-27,13010,Haarlem-Waarderpolder,105881,489932,2031BH,VR12,Kennemerland,1,142,TRUE
2020-06-27,2032,Harlingen,159027,576146,8861KT,VR02,Friesland,1,0,TRUE
2020-06-27,6004,Lelystad,158268,501627,8243PE,VR25,Flevoland,1,0,TRUE
2020-06-28,10027,Amersfoort,152483,464648,3812RH,VR09,Utrecht,1,0,TRUE
2020-06-28,9016,Arnhem,187878,442241,6841HJ,VR07,Gelderland-Midden,"0,864490095",0,TRUE
2020-06-28,9016,Arnhem,187878,442241,6841HJ,VR08,Gelderland-Zuid,"0,135509905",0,TRUE
2020-06-28,12022,Beverwijk,106373,498868,1948NS,VR12,Kennemerland,"0,435961337",0,TRUE
2020-06-28,12022,Beverwijk,106373,498868,1948NS,VR10,Noord-Holland-Noord,"0,107744265",0,TRUE
2020-06-28,12022,Beverwijk,106373,498868,1948NS,VR11,Zaanstreek-Waterland,"0,456294399",0,TRUE
2020-06-28,27008,Den Bosch,147493,415446,5221CD,VR21,Brabant-Noord,1,0,TRUE
2020-06-28,28005,Dinther,165227,405407,5473XL,VR21,Brabant-Noord,1,66,TRUE
2020-06-28,1033,Garmerwolde,240219,585040,9798TC,VR01,Groningen,1,0,TRUE
2020-06-28,15005,Houtrust,78484,455921,2566GJ,VR15,Haaglanden,1,287,TRUE
2020-06-28,29003,Land van Cuijk,189957,411781,5443PL,VR21,Brabant-Noord,1,0,TRUE
2020-06-28,21001,Walcheren,31809,385219,4389VM,VR19,Zeeland,1,0,TRUE
2020-06-29,13030,Leimuiden,104642,470631,2451VX,VR16,Hollands-Midden,"0,855650522",137,TRUE
2020-06-29,13030,Leimuiden,104642,470631,2451VX,VR12,Kennemerland,"0,144349478",137,TRUE
2020-06-29,23002,Terneuzen,46894,368651,4538BJ,VR19,Zeeland,1,0,TRUE
2020-06-29,32002,Tilburg,132554,401565,5048TD,VR20,Midden- en West-Brabant,1,0,TRUE
2020-06-29,4027,Tollebeek,175622,521799,8309PP,VR25,Flevoland,1,38,TRUE
2020-06-30,5012,Oldenzaal,257703,481136,7576PE,VR05,Twente,1,0,TRUE
2020-06-30,3028,Sleen,249969,532246,7841BP,VR03,Drenthe,1,0,TRUE
2020-06-30,10009,Utrecht,135481,458130,3552TJ,VR09,Utrecht,1,0,TRUE
2020-06-30,4026,Zwolle,199604,502805,8042PK,VR04,IJsselland,1,23,TRUE
2020-07-01,7022,Etten,218761,438451,7061GK,VR06,Noord- en Oost-Gelderland,1,0,TRUE
2020-07-01,25020,Kaatsheuvel,129083,407604,5171VG,VR20,Midden- en West-Brabant,1,0,TRUE
2020-07-01,25027,Lage Zwaluwe,107818,414149,4926CZ,VR20,Midden- en West-Brabant,1,0,TRUE
2020-07-01,29003,Land van Cuijk,189957,411781,5443PL,VR21,Brabant-Noord,1,0,TRUE
2020-07-01,30007,Maastricht-Bosscherveld,175697,319239,6219NW,VR24,Limburg-Zuid,1,0,TRUE
2020-07-01,30020,Venraij,196603,395898,5804CG,VR23,Limburg-Noord,1,0,TRUE
2020-07-02,3010,Assen,234705,558203,9403AK,VR03,Drenthe,1,0,TRUE
2020-07-02,27008,Den Bosch,147493,415446,5221CD,VR21,Brabant-Noord,1,172,TRUE
2020-07-02,28005,Dinther,165227,405407,5473XL,VR21,Brabant-Noord,1,0,TRUE
2020-07-02,1008,Stadskanaal,260571,559393,9501LH,VR01,Groningen,1,0,TRUE
2020-07-05,10027,Amersfoort,152483,464648,3812RH,VR09,Utrecht,1,0,TRUE
2020-07-05,9016,Arnhem,187878,442241,6841HJ,VR07,Gelderland-Midden,"0,864490095",0,TRUE
2020-07-05,9016,Arnhem,187878,442241,6841HJ,VR08,Gelderland-Zuid,"0,135509905",0,TRUE
2020-07-05,12022,Beverwijk,106373,498868,1948NS,VR12,Kennemerland,"0,435961337",0,TRUE
2020-07-05,12022,Beverwijk,106373,498868,1948NS,VR10,Noord-Holland-Noord,"0,107744265",0,TRUE
2020-07-05,12022,Beverwijk,106373,498868,1948NS,VR11,Zaanstreek-Waterland,"0,456294399",0,TRUE
2020-07-05,13010,Haarlem-Waarderpolder,105881,489932,2031BH,VR12,Kennemerland,1,0,TRUE
2020-07-05,2032,Harlingen,159027,576146,8861KT,VR02,Friesland,1,0,TRUE
2020-07-05,2011,Leeuwarden,184401,578940,8937AN,VR02,Friesland,1,0,TRUE
2020-07-05,23002,Terneuzen,46894,368651,4538BJ,VR19,Zeeland,1,0,TRUE
2020-07-06,15005,Houtrust,78484,455921,2566GJ,VR15,Haaglanden,1,174,TRUE
2020-07-06,3028,Sleen,249969,532246,7841BP,VR03,Drenthe,1,0,TRUE
2020-07-06,32002,Tilburg,132554,401565,5048TD,VR20,Midden- en West-Brabant,1,0,TRUE
2020-07-07,1034,Feerwerd,227917,590220,9892TC,VR01,Groningen,1,0,TRUE
2020-07-07,25020,Kaatsheuvel,129083,407604,5171VG,VR20,Midden- en West-Brabant,1,0,TRUE
2020-07-07,25027,Lage Zwaluwe,107818,414149,4926CZ,VR20,Midden- en West-Brabant,1,0,TRUE
2020-07-07,29003,Land van Cuijk,189957,411781,5443PL,VR21,Brabant-Noord,1,0,TRUE
2020-07-07,13033,Leiden-Zuidwest,92339,461320,2324AB,VR15,Haaglanden,"0,007372899",0,TRUE
2020-07-07,13033,Leiden-Zuidwest,92339,461320,2324AB,VR16,Hollands-Midden,"0,992627101",0,TRUE
2020-07-07,10009,Utrecht,135481,458130,3552TJ,VR09,Utrecht,1,138,TRUE
2020-07-07,21001,Walcheren,31809,385219,4389VM,VR19,Zeeland,1,0,TRUE
2020-07-07,4026,Zwolle,199604,502805,8042PK,VR04,IJsselland,1,0,TRUE
2020-07-08,27008,Den Bosch,147493,415446,5221CD,VR21,Brabant-Noord,1,156,TRUE
2020-07-08,28005,Dinther,165227,405407,5473XL,VR21,Brabant-Noord,1,100,TRUE
2020-07-08,7022,Etten,218761,438451,7061GK,VR06,Noord- en Oost-Gelderland,1,0,TRUE
2020-07-08,1033,Garmerwolde,240219,585040,9798TC,VR01,Groningen,1,0,TRUE
2020-07-08,13030,Leimuiden,104642,470631,2451VX,VR16,Hollands-Midden,"0,855650522",0,TRUE
2020-07-08,13030,Leimuiden,104642,470631,2451VX,VR12,Kennemerland,"0,144349478",0,TRUE
2020-07-08,6004,Lelystad,158268,501627,8243PE,VR25,Flevoland,1,0,TRUE
2020-07-08,30007,Maastricht-Bosscherveld,175697,319239,6219NW,VR24,Limburg-Zuid,1,0,TRUE
2020-07-08,4027,Tollebeek,175622,521799,8309PP,VR25,Flevoland,1,0,TRUE
2020-07-08,30020,Venraij,196603,395898,5804CG,VR23,Limburg-Noord,1,0,TRUE
2020-07-09,3010,Assen,234705,558203,9403AK,VR03,Drenthe,1,0,TRUE
2020-07-09,12022,Beverwijk,106373,498868,1948NS,VR12,Kennemerland,"0,435961337",0,TRUE
2020-07-09,12022,Beverwijk,106373,498868,1948NS,VR10,Noord-Holland-Noord,"0,107744265",0,TRUE
2020-07-09,12022,Beverwijk,106373,498868,1948NS,VR11,Zaanstreek-Waterland,"0,456294399",0,TRUE
2020-07-09,1008,Stadskanaal,260571,559393,9501LH,VR01,Groningen,1,0,TRUE
2020-07-10,9016,Arnhem,187878,442241,6841HJ,VR07,Gelderland-Midden,"0,864490095",0,TRUE
2020-07-10,9016,Arnhem,187878,442241,6841HJ,VR08,Gelderland-Zuid,"0,135509905",0,TRUE
2020-07-11,13010,Haarlem-Waarderpolder,105881,489932,2031BH,VR12,Kennemerland,1,0,TRUE
2020-07-12,10027,Amersfoort,152483,464648,3812RH,VR09,Utrecht,1,0,TRUE
2020-07-12,2032,Harlingen,159027,576146,8861KT,VR02,Friesland,1,0,TRUE
2020-07-12,2011,Leeuwarden,184401,578940,8937AN,VR02,Friesland,1,0,TRUE
2020-07-12,4027,Tollebeek,175622,521799,8309PP,VR25,Flevoland,1,0,TRUE
2020-07-13,1033,Garmerwolde,240219,585040,9798TC,VR01,Groningen,1,78,TRUE
2020-07-13,25020,Kaatsheuvel,129083,407604,5171VG,VR20,Midden- en West-Brabant,1,50,TRUE
2020-07-13,25027,Lage Zwaluwe,107818,414149,4926CZ,VR20,Midden- en West-Brabant,1,0,TRUE
2020-07-13,29003,Land van Cuijk,189957,411781,5443PL,VR21,Brabant-Noord,1,0,TRUE
2020-07-13,23002,Terneuzen,46894,368651,4538BJ,VR19,Zeeland,1,172,TRUE
2020-07-13,32002,Tilburg,132554,401565,5048TD,VR20,Midden- en West-Brabant,1,120,TRUE
2020-07-13,21001,Walcheren,31809,385219,4389VM,VR19,Zeeland,1,0,TRUE
2020-07-13,15005,Houtrust,78484,455921,2566GJ,VR15,Haaglanden,1,199,TRUE
2020-07-14,27008,Den Bosch,147493,415446,5221CD,VR21,Brabant-Noord,1,0,TRUE
2020-07-14,28005,Dinther,165227,405407,5473XL,VR21,Brabant-Noord,1,0,TRUE
2020-07-14,6004,Lelystad,158268,501627,8243PE,VR25,Flevoland,1,0,TRUE
2020-07-14,10009,Utrecht,135481,458130,3552TJ,VR09,Utrecht,1,98,TRUE
2020-07-14,5012,Oldenzaal,257703,481136,7576PE,VR05,Twente,1,0,TRUE
2020-07-15,9016,Arnhem,187878,442241,6841HJ,VR07,Gelderland-Midden,"0,864490095",0,TRUE
2020-07-15,9016,Arnhem,187878,442241,6841HJ,VR08,Gelderland-Zuid,"0,135509905",0,TRUE
2020-07-15,12022,Beverwijk,106373,498868,1948NS,VR12,Kennemerland,"0,435961337",0,TRUE
2020-07-15,12022,Beverwijk,106373,498868,1948NS,VR10,Noord-Holland-Noord,"0,107744265",0,TRUE
2020-07-15,12022,Beverwijk,106373,498868,1948NS,VR11,Zaanstreek-Waterland,"0,456294399",0,TRUE
2020-07-15,7022,Etten,218761,438451,7061GK,VR06,Noord- en Oost-Gelderland,1,0,TRUE
2020-07-15,13030,Leimuiden,104642,470631,2451VX,VR16,Hollands-Midden,"0,855650522",0,TRUE
2020-07-15,13030,Leimuiden,104642,470631,2451VX,VR12,Kennemerland,"0,144349478",0,TRUE
2020-07-15,30007,Maastricht-Bosscherveld,175697,319239,6219NW,VR24,Limburg-Zuid,1,0,TRUE
2020-07-15,3028,Sleen,249969,532246,7841BP,VR03,Drenthe,1,0,TRUE
2020-07-15,30020,Venraij,196603,395898,5804CG,VR23,Limburg-Noord,1,0,TRUE
2020-07-15,4026,Zwolle,199604,502805,8042PK,VR04,IJsselland,1,0,TRUE
2020-07-16,3010,Assen,234705,558203,9403AK,VR03,Drenthe,1,0,TRUE
2020-07-16,13010,Haarlem-Waarderpolder,105881,489932,2031BH,VR12,Kennemerland,1,0,TRUE
2020-07-16,13033,Leiden-Zuidwest,92339,461320,2324AB,VR15,Haaglanden,"0,007372899",260,TRUE
2020-07-16,13033,Leiden-Zuidwest,92339,461320,2324AB,VR16,Hollands-Midden,"0,992627101",260,TRUE
2020-07-16,1008,Stadskanaal,260571,559393,9501LH,VR01,Groningen,1,0,TRUE
2020-07-17,2015,Gorredijk,199899,558357,8401JD,VR02,Friesland,1,0,TRUE
2020-07-17,4027,Tollebeek,175622,521799,8309PP,VR25,Flevoland,1,0,TRUE
2020-07-18,10027,Amersfoort,152483,464648,3812RH,VR09,Utrecht,1,141,TRUE
2020-07-18,15007,De Groote Lucht,80108,435452,3133KA,VR17,Rotterdam-Rijnmond,"0,906074464",25,TRUE
2020-07-18,15007,De Groote Lucht,80108,435452,3133KA,VR15,Haaglanden,"0,093925536",25,TRUE
2020-07-18,10008,Driebergen,146869,451529,3972EH,VR09,Utrecht,1,0,TRUE
2020-07-18,8021,Ede,170941,450113,6715AT,VR07,Gelderland-Midden,1,0,TRUE
2020-07-18,32002,Tilburg,132554,401565,5048TD,VR20,Midden- en West-Brabant,1,187,TRUE
2020-07-18,10020,Woudenberg,158675,455096,3931MR,VR07,Gelderland-Midden,"0,341985268",0,TRUE
2020-07-18,10020,Woudenberg,158675,455096,3931MR,VR09,Utrecht,"0,658014732",0,TRUE
2020-07-19,9017,Bergharen,172712,428608,6617KE,VR08,Gelderland-Zuid,1,136,TRUE
2020-07-19,29003,Land van Cuijk,189957,411781,5443PL,VR21,Brabant-Noord,1,0,TRUE
2020-07-19,17011,Ridderkerk,101964,431762,2984BP,VR17,Rotterdam-Rijnmond,1,391,TRUE
2020-07-19,21001,Walcheren,31809,385219,4389VM,VR19,Zeeland,1,0,TRUE
2020-07-20,28003,Aarle Rixtel,174610,391423,5735SC,VR21,Brabant-Noord,"0,004472086",345,TRUE
2020-07-20,28003,Aarle Rixtel,174610,391423,5735SC,VR22,Brabant-Zuidoost,"0,995527914",345,TRUE
2020-07-20,8022,Apeldoorn,194895,472607,7317AX,VR06,Noord- en Oost-Gelderland,1,0,TRUE
2020-07-20,9013,Asperen,136056,432812,4147CV,VR08,Gelderland-Zuid,1,127,TRUE
2020-07-20,28002,Asten,180032,377360,5725TB,VR22,Brabant-Zuidoost,1,20,TRUE
2020-07-20,27008,Den Bosch,147493,415446,5221CD,VR21,Brabant-Noord,1,47,TRUE
2020-07-20,28005,Dinther,165227,405407,5473XL,VR21,Brabant-Noord,1,0,TRUE
2020-07-20,8017,Epe,196608,484240,8161PH,VR06,Noord- en Oost-Gelderland,1,0,TRUE
2020-07-20,1033,Garmerwolde,240219,585040,9798TC,VR01,Groningen,1,171,TRUE
2020-07-20,15008,Harnaschpolder,81598,447803,2635BX,VR15,Haaglanden,"0,959505899",132,TRUE
2020-07-20,15008,Harnaschpolder,81598,447803,2635BX,VR16,Hollands-Midden,"0,004198207",132,TRUE
2020-07-20,15008,Harnaschpolder,81598,447803,2635BX,VR17,Rotterdam-Rijnmond,"0,036295894",132,TRUE
2020-07-20,15005,Houtrust,78484,455921,2566GJ,VR15,Haaglanden,1,207,TRUE
2020-07-20,6004,Lelystad,158268,501627,8243PE,VR25,Flevoland,1,113,TRUE
2020-07-20,17054,Piershil,83701,423791,3265LC,VR18,Zuid-Holland-Zuid,1,0,TRUE
2020-07-20,27010,St Oedenrode,159021,396687,5492VB,VR21,Brabant-Noord,"0,29726163",0,TRUE
2020-07-20,27010,St Oedenrode,159021,396687,5492VB,VR22,Brabant-Zuidoost,"0,70273837",0,TRUE
2020-07-20,2037,Warns,155244,544925,8722HN,VR02,Friesland,1,76,TRUE
2020-07-21,12006,Alkmaar,110983,517113,1817ET,VR10,Noord-Holland-Noord,1,136,TRUE
2020-07-21,11014,Amsterdam-West,114580,490289,1046BS,VR13,Amsterdam-Amstelland,"0,989553131",434,TRUE
2020-07-21,11014,Amsterdam-West,114580,490289,1046BS,VR09,Utrecht,"0,010446869",434,TRUE
2020-07-21,25021,Bath,75411,379662,4411SV,VR20,Midden- en West-Brabant,1,0,TRUE
2020-07-21,12022,Beverwijk,106373,498868,1948NS,VR12,Kennemerland,"0,435961337",0,TRUE
2020-07-21,12022,Beverwijk,106373,498868,1948NS,VR10,Noord-Holland-Noord,"0,107744265",0,TRUE
2020-07-21,12022,Beverwijk,106373,498868,1948NS,VR11,Zaanstreek-Waterland,"0,456294399",0,TRUE
2020-07-21,11008,Blaricum Gooiergracht,145454,475392,1261JL,VR14,Gooi en Vechtstreek,"0,706612903",0,TRUE
2020-07-21,11008,Blaricum Gooiergracht,145454,475392,1261JL,VR09,Utrecht,"0,293387097",0,TRUE
2020-07-21,4019,Deventer,205851,476223,7414KA,VR04,IJsselland,1,345,TRUE
2020-07-21,3033,Echten,224791,525338,7909HS,VR03,Drenthe,"0,969794629",0,TRUE
2020-07-21,3033,Echten,224791,525338,7909HS,VR04,IJsselland,"0,030205371",0,TRUE
2020-07-21,5002,Enschede-West,254652,472540,7547AM,VR05,Twente,1,0,TRUE
2020-07-21,2038,Franeker,166837,577207,8801JW,VR02,Friesland,1,0,TRUE
2020-07-21,2032,Harlingen,159027,576146,8861KT,VR02,Friesland,1,0,TRUE
2020-07-21,25020,Kaatsheuvel,129083,407604,5171VG,VR20,Midden- en West-Brabant,1,2572,TRUE
2020-07-21,4023,Kampen,188724,509149,8263AP,VR04,IJsselland,1,0,TRUE
2020-07-21,25027,Lage Zwaluwe,107818,414149,4926CZ,VR20,Midden- en West-Brabant,1,0,TRUE
2020-07-21,2011,Leeuwarden,184401,578940,8937AN,VR02,Friesland,1,0,TRUE
2020-07-21,10037,Loenen,129000,470700,3634BA,VR09,Utrecht,1,0,TRUE
2020-07-21,25017,Nieuwveer,107848,404705,4823ZJ,VR20,Midden- en West-Brabant,1,195,TRUE
2020-07-21,25013,Riel,129443,393499,5133AB,VR20,Midden- en West-Brabant,1,970,TRUE
2020-07-21,3027,Smilde,226104,551047,9422JK,VR03,Drenthe,1,0,TRUE
2020-07-22,9016,Arnhem,187878,442241,6841HJ,VR07,Gelderland-Midden,"0,864490095",35,TRUE
2020-07-22,9016,Arnhem,187878,442241,6841HJ,VR08,Gelderland-Zuid,"0,135509905",35,TRUE
2020-07-22,2021,Damwoude,197783,588948,9113AV,VR02,Friesland,1,0,TRUE
2020-07-22,2012,Drachten,200760,569642,9206AG,VR02,Friesland,1,0,TRUE
2020-07-22,7022,Etten,218761,438451,7061GK,VR06,Noord- en Oost-Gelderland,1,0,TRUE
2020-07-22,13010,Haarlem-Waarderpolder,105881,489932,2031BH,VR12,Kennemerland,1,0,TRUE
2020-07-22,2022,Joure,180039,554315,8512AT,VR02,Friesland,1,0,TRUE
2020-07-22,13033,Leiden-Zuidwest,92339,461320,2324AB,VR15,Haaglanden,"0,007372899",0,TRUE
2020-07-22,13033,Leiden-Zuidwest,92339,461320,2324AB,VR16,Hollands-Midden,"0,992627101",0,TRUE
2020-07-22,13030,Leimuiden,104642,470631,2451VX,VR16,Hollands-Midden,"0,855650522",0,TRUE
2020-07-22,13030,Leimuiden,104642,470631,2451VX,VR12,Kennemerland,"0,144349478",0,TRUE
2020-07-22,30007,Maastricht-Bosscherveld,175697,319239,6219NW,VR24,Limburg-Zuid,1,0,TRUE
2020-07-22,13038,Nieuwveen,112426,466225,2441LB,VR16,Hollands-Midden,1,0,TRUE
2020-07-22,9024,Nijmegen,183502,429077,6551DK,VR08,Gelderland-Zuid,1,0,TRUE
2020-07-22,30023,Panheel,189132,354020,6097NE,VR23,Limburg-Noord,1,0,TRUE
2020-07-22,30011,Simpelveld,196000,316000,6369XV,VR24,Limburg-Zuid,1,0,TRUE
2020-07-22,30022,Susteren,186972,341598,6114RG,VR23,Limburg-Noord,"0,321863866",0,TRUE
2020-07-22,30022,Susteren,186972,341598,6114RG,VR24,Limburg-Zuid,"0,678136134",0,TRUE
2020-07-22,23002,Terneuzen,46894,368651,4538BJ,VR19,Zeeland,1,51,TRUE
2020-07-22,10009,Utrecht,135481,458130,3552TJ,VR09,Utrecht,1,495,TRUE
2020-07-22,30017,Venlo,208583,377116,5928NM,VR23,Limburg-Noord,1,30,TRUE
2020-07-22,30020,Venraij,196603,395898,5804CG,VR23,Limburg-Noord,1,74,TRUE
2020-07-22,7016,Winterswijk,245363,444972,7103AX,VR06,Noord- en Oost-Gelderland,1,0,TRUE
2020-07-23,3010,Assen,234705,558203,9403AK,VR03,Drenthe,1,0,TRUE
2020-07-23,16010,Capelle ad IJssel/Kralingseveer,96982,435734,2909LM,VR17,Rotterdam-Rijnmond,1,1009,TRUE
2020-07-23,12023,Den Helder,115228,547921,1786PT,VR10,Noord-Holland-Noord,1,472,TRUE
2020-07-23,5012,Oldenzaal,257703,481136,7576PE,VR05,Twente,1,0,TRUE
2020-07-23,5012,Oldenzaal,257703,481136,7576PE,VR05,Twente,1,0,TRUE
2020-07-23,1039,Scheemda,262970,576581,9679TW,VR01,Groningen,1,0,TRUE
2020-07-23,3028,Sleen,249969,532246,7841BP,VR03,Drenthe,1,0,TRUE
2020-07-23,1008,Stadskanaal,260571,559393,9501LH,VR01,Groningen,1,0,TRUE
2020-07-23,4027,Tollebeek,175622,521799,8309PP,VR25,Flevoland,1,0,TRUE
2020-07-23,3023,Tweede Exloermond,259900,481450,7571BM,VR03,Drenthe,1,0,TRUE
2020-07-23,12021,Wervershoof,137975,527101,1693HC,VR10,Noord-Holland-Noord,1,0,TRUE
2020-07-23,12018,Wieringen,131100,549100,1779GX,VR10,Noord-Holland-Noord,1,0,TRUE
2020-07-23,6006,Zeewolde,163136,485509,3899AW,VR25,Flevoland,1,0,TRUE
2020-07-24,10027,Amersfoort,152483,464648,3812RH,VR09,Utrecht,1,0,TRUE
2020-07-24,5025,Den Ham,228453,497777,7683PC,VR05,Twente,1,349,TRUE
2020-07-24,8021,Ede,170941,450113,6715AT,VR07,Gelderland-Midden,1,0,TRUE
2020-07-24,4024,Hardenberg,237908,506639,7691PZ,VR04,IJsselland,1,0,TRUE
2020-07-24,10020,Woudenberg,158675,455096,3931MR,VR07,Gelderland-Midden,"0,341985268",0,TRUE
2020-07-24,10020,Woudenberg,158675,455096,3931MR,VR09,Utrecht,"0,658014732",0,TRUE
2020-07-25,29003,Land van Cuijk,189957,411781,5443PL,VR21,Brabant-Noord,1,144,TRUE
2020-07-25,18006,Westerschouwen,42833,412362,4328NP,VR19,Zeeland,1,232,TRUE
2020-07-26,28003,Aarle Rixtel,174610,391423,5735SC,VR21,Brabant-Noord,"0,004472086",177,TRUE
2020-07-26,28003,Aarle Rixtel,174610,391423,5735SC,VR22,Brabant-Zuidoost,"0,995527914",177,TRUE
2020-07-26,9016,Arnhem,187878,442241,6841HJ,VR07,Gelderland-Midden,"0,864490095",0,TRUE
2020-07-26,9016,Arnhem,187878,442241,6841HJ,VR08,Gelderland-Zuid,"0,135509905",0,TRUE
2020-07-26,3010,Assen,234705,558203,9403AK,VR03,Drenthe,1,0,TRUE
2020-07-26,27008,Den Bosch,147493,415446,5221CD,VR21,Brabant-Noord,1,49,TRUE
2020-07-26,28005,Dinther,165227,405407,5473XL,VR21,Brabant-Noord,1,729,TRUE
2020-07-26,8017,Epe,196608,484240,8161PH,VR06,Noord- en Oost-Gelderland,1,0,TRUE
2020-07-26,1034,Feerwerd,227917,590220,9892TC,VR01,Groningen,1,0,TRUE
2020-07-26,1033,Garmerwolde,240219,585040,9798TC,VR01,Groningen,1,0,TRUE
2020-07-26,6004,Lelystad,158268,501627,8243PE,VR25,Flevoland,1,825,TRUE
2020-07-26,9024,Nijmegen,183502,429077,6551DK,VR08,Gelderland-Zuid,1,0,TRUE
2020-07-26,10009,Utrecht,135481,458130,3552TJ,VR09,Utrecht,1,0,TRUE
2020-07-26,6006,Zeewolde,163136,485509,3899AW,VR25,Flevoland,1,407,TRUE
2020-07-27,12006,Alkmaar,110983,517113,1817ET,VR10,Noord-Holland-Noord,1,894,TRUE
2020-07-27,11014,Amsterdam-West,114580,490289,1046BS,VR13,Amsterdam-Amstelland,"0,989553131",1226,TRUE
2020-07-27,11014,Amsterdam-West,114580,490289,1046BS,VR09,Utrecht,"0,010446869",1226,TRUE
2020-07-27,12022,Beverwijk,106373,498868,1948NS,VR12,Kennemerland,"0,435961337",68,TRUE
2020-07-27,12022,Beverwijk,106373,498868,1948NS,VR10,Noord-Holland-Noord,"0,107744265",68,TRUE
2020-07-27,12022,Beverwijk,106373,498868,1948NS,VR11,Zaanstreek-Waterland,"0,456294399",68,TRUE
2020-07-27,11008,Blaricum Gooiergracht,145454,475392,1261JL,VR14,Gooi en Vechtstreek,"0,706612903",0,TRUE
2020-07-27,11008,Blaricum Gooiergracht,145454,475392,1261JL,VR09,Utrecht,"0,293387097",0,TRUE
2020-07-27,4019,Deventer,205851,476223,7414KA,VR04,IJsselland,1,0,TRUE
2020-07-27,2012,Drachten,200760,569642,9206AG,VR02,Friesland,1,0,TRUE
2020-07-27,5002,Enschede-West,254652,472540,7547AM,VR05,Twente,1,243,TRUE
2020-07-27,2038,Franeker,166837,577207,8801JW,VR02,Friesland,1,0,TRUE
2020-07-27,2032,Harlingen,159027,576146,8861KT,VR02,Friesland,1,315,TRUE
2020-07-27,15008,Harnaschpolder,81598,447803,2635BX,VR15,Haaglanden,"0,959505899",953,TRUE
2020-07-27,15008,Harnaschpolder,81598,447803,2635BX,VR16,Hollands-Midden,"0,004198207",953,TRUE
2020-07-27,15008,Harnaschpolder,81598,447803,2635BX,VR17,Rotterdam-Rijnmond,"0,036295894",953,TRUE
2020-07-27,15005,Houtrust,78484,455921,2566GJ,VR15,Haaglanden,1,862,TRUE
2020-07-27,4023,Kampen,188724,509149,8263AP,VR04,IJsselland,1,152,TRUE
2020-07-27,10037,Loenen,129000,470700,3634BA,VR09,Utrecht,1,0,TRUE
2020-07-27,17011,Ridderkerk,101964,431762,2984BP,VR17,Rotterdam-Rijnmond,1,211,TRUE
2020-07-27,4026,Zwolle,199604,502805,8042PK,VR04,IJsselland,1,0,TRUE
2020-07-28,9013,Asperen,136056,432812,4147CV,VR08,Gelderland-Zuid,1,770,TRUE
2020-07-28,28002,Asten,180032,377360,5725TB,VR22,Brabant-Zuidoost,1,20,TRUE
2020-07-28,25021,Bath,75411,379662,4411SV,VR20,Midden- en West-Brabant,1,172,TRUE
2020-07-28,9017,Bergharen,172712,428608,6617KE,VR08,Gelderland-Zuid,1,0,TRUE
2020-07-28,2021,Damwoude,197783,588948,9113AV,VR02,Friesland,1,0,TRUE
2020-07-28,13010,Haarlem-Waarderpolder,105881,489932,2031BH,VR12,Kennemerland,1,167,TRUE
2020-07-28,25020,Kaatsheuvel,129083,407604,5171VG,VR20,Midden- en West-Brabant,1,218,TRUE
2020-07-28,25027,Lage Zwaluwe,107818,414149,4926CZ,VR20,Midden- en West-Brabant,1,0,TRUE
2020-07-28,2011,Leeuwarden,184401,578940,8937AN,VR02,Friesland,1,129,TRUE
2020-07-28,13033,Leiden-Zuidwest,92339,461320,2324AB,VR15,Haaglanden,"0,007372899",0,FALSE
2020-07-28,13033,Leiden-Zuidwest,92339,461320,2324AB,VR16,Hollands-Midden,"0,992627101",0,FALSE
2020-07-28,13033,Leiden-Zuidwest,92339,461320,2324AB,VR15,Haaglanden,"0,007372899",219,TRUE
2020-07-28,13033,Leiden-Zuidwest,92339,461320,2324AB,VR16,Hollands-Midden,"0,992627101",219,TRUE
2020-07-28,25017,Nieuwveer,107848,404705,4823ZJ,VR20,Midden- en West-Brabant,1,0,TRUE
2020-07-28,17054,Piershil,83701,423791,3265LC,VR18,Zuid-Holland-Zuid,1,0,TRUE
2020-07-28,25012,Putte,85592,375476,4645BH,VR20,Midden- en West-Brabant,1,32,TRUE
2020-07-28,25013,Riel,129443,393499,5133AB,VR20,Midden- en West-Brabant,1,673,TRUE
2020-07-28,23002,Terneuzen,46894,368651,4538BJ,VR19,Zeeland,1,0,TRUE
2020-07-29,16010,Capelle ad IJssel/Kralingseveer,96982,435734,2909LM,VR17,Rotterdam-Rijnmond,1,2644,TRUE
2020-07-29,15007,De Groote Lucht,80108,435452,3133KA,VR17,Rotterdam-Rijnmond,"0,906074464",93,TRUE
2020-07-29,15007,De Groote Lucht,80108,435452,3133KA,VR15,Haaglanden,"0,093925536",93,TRUE
2020-07-29,12023,Den Helder,115228,547921,1786PT,VR10,Noord-Holland-Noord,1,0,TRUE
2020-07-29,10008,Driebergen,146869,451529,3972EH,VR09,Utrecht,1,0,TRUE
2020-07-29,3033,Echten,224791,525338,7909HS,VR03,Drenthe,"0,969794629",0,TRUE
2020-07-29,3033,Echten,224791,525338,7909HS,VR04,IJsselland,"0,030205371",0,TRUE
2020-07-29,7022,Etten,218761,438451,7061GK,VR06,Noord- en Oost-Gelderland,1,0,TRUE
2020-07-29,4024,Hardenberg,237908,506639,7691PZ,VR04,IJsselland,1,0,FALSE
2020-07-29,13030,Leimuiden,104642,470631,2451VX,VR16,Hollands-Midden,"0,855650522",0,TRUE
2020-07-29,13030,Leimuiden,104642,470631,2451VX,VR12,Kennemerland,"0,144349478",0,TRUE
2020-07-29,30007,Maastricht-Bosscherveld,175697,319239,6219NW,VR24,Limburg-Zuid,1,105,TRUE
2020-07-29,13038,Nieuwveen,112426,466225,2441LB,VR16,Hollands-Midden,1,0,TRUE
2020-07-29,5012,Oldenzaal,257703,481136,7576PE,VR05,Twente,1,0,TRUE
2020-07-29,30023,Panheel,189132,354020,6097NE,VR23,Limburg-Noord,1,0,TRUE
2020-07-29,30011,Simpelveld,196000,316000,6369XV,VR24,Limburg-Zuid,1,0,TRUE
2020-07-29,3028,Sleen,249969,532246,7841BP,VR03,Drenthe,1,0,TRUE
2020-07-29,3027,Smilde,226104,551047,9422JK,VR03,Drenthe,1,0,TRUE
2020-07-29,27010,St Oedenrode,159021,396687,5492VB,VR21,Brabant-Noord,"0,29726163",0,TRUE
2020-07-29,27010,St Oedenrode,159021,396687,5492VB,VR22,Brabant-Zuidoost,"0,70273837",0,TRUE
2020-07-29,30022,Susteren,186972,341598,6114RG,VR23,Limburg-Noord,"0,321863866",248,TRUE
2020-07-29,30022,Susteren,186972,341598,6114RG,VR24,Limburg-Zuid,"0,678136134",248,TRUE
2020-07-29,32002,Tilburg,132554,401565,5048TD,VR20,Midden- en West-Brabant,1,347,TRUE
2020-07-29,4027,Tollebeek,175622,521799,8309PP,VR25,Flevoland,1,0,TRUE
2020-07-29,30017,Venlo,208583,377116,5928NM,VR23,Limburg-Noord,1,0,TRUE
2020-07-29,30020,Venraij,196603,395898,5804CG,VR23,Limburg-Noord,1,149,TRUE
2020-07-29,12021,Wervershoof,137975,527101,1693HC,VR10,Noord-Holland-Noord,1,144,TRUE
2020-07-29,12018,Wieringen,131100,549100,1779GX,VR10,Noord-Holland-Noord,1,132,TRUE
2020-07-29,7016,Winterswijk,245363,444972,7103AX,VR06,Noord- en Oost-Gelderland,1,60,TRUE
2020-07-30,10027,Amersfoort,152483,464648,3812RH,VR09,Utrecht,1,70,TRUE
2020-07-30,8021,Ede,170941,450113,6715AT,VR07,Gelderland-Midden,1,379,TRUE
2020-07-30,2015,Gorredijk,199899,558357,8401JD,VR02,Friesland,1,124,TRUE
2020-07-30,2022,Joure,180039,554315,8512AT,VR02,Friesland,1,0,TRUE
2020-07-30,21001,Walcheren,31809,385219,4389VM,VR19,Zeeland,1,150,TRUE
2020-07-30,18006,Westerschouwen,42833,412362,4328NP,VR19,Zeeland,1,97,TRUE
2020-07-30,10020,Woudenberg,158675,455096,3931MR,VR07,Gelderland-Midden,"0,341985268",0,TRUE
2020-07-30,10020,Woudenberg,158675,455096,3931MR,VR09,Utrecht,"0,658014732",0,TRUE
2020-07-31,29003,Land van Cuijk,189957,411781,5443PL,VR21,Brabant-Noord,1,197,TRUE
2020-08-01,28003,Aarle Rixtel,174610,391423,5735SC,VR21,Brabant-Noord,"0,004472086",334,TRUE
2020-08-01,28003,Aarle Rixtel,174610,391423,5735SC,VR22,Brabant-Zuidoost,"0,995527914",334,TRUE
2020-08-01,8022,Apeldoorn,194895,472607,7317AX,VR06,Noord- en Oost-Gelderland,1,49,TRUE
2020-08-01,3010,Assen,234705,558203,9403AK,VR03,Drenthe,1,0,TRUE
2020-08-01,27008,Den Bosch,147493,415446,5221CD,VR21,Brabant-Noord,1,526,TRUE
2020-08-01,28005,Dinther,165227,405407,5473XL,VR21,Brabant-Noord,1,310,TRUE
2020-08-01,8017,Epe,196608,484240,8161PH,VR06,Noord- en Oost-Gelderland,1,387,TRUE
2020-08-01,2038,Franeker,166837,577207,8801JW,VR02,Friesland,1,0,TRUE
2020-08-01,1033,Garmerwolde,240219,585040,9798TC,VR01,Groningen,1,156,TRUE
2020-08-01,2032,Harlingen,159027,576146,8861KT,VR02,Friesland,1,0,TRUE
2020-08-01,2022,Joure,180039,554315,8512AT,VR02,Friesland,1,0,TRUE
2020-08-01,6004,Lelystad,158268,501627,8243PE,VR25,Flevoland,1,399,TRUE
2020-08-01,1039,Scheemda,262970,576581,9679TW,VR01,Groningen,1,0,TRUE
2020-08-01,1008,Stadskanaal,260571,559393,9501LH,VR01,Groningen,1,152,TRUE
2020-08-01,3023,Tweede Exloermond,259900,481450,7571BM,VR03,Drenthe,1,0,TRUE
2020-08-01,6006,Zeewolde,163136,485509,3899AW,VR25,Flevoland,1,0,TRUE
2020-08-02,12006,Alkmaar,110983,517113,1817ET,VR10,Noord-Holland-Noord,1,493,TRUE
2020-08-02,11014,Amsterdam-West,114580,490289,1046BS,VR13,Amsterdam-Amstelland,"0,989553131",470,TRUE
2020-08-02,11014,Amsterdam-West,114580,490289,1046BS,VR09,Utrecht,"0,010446869",470,TRUE
2020-08-02,9013,Asperen,136056,432812,4147CV,VR08,Gelderland-Zuid,1,387,FALSE
2020-08-02,9017,Bergharen,172712,428608,6617KE,VR08,Gelderland-Zuid,1,0,TRUE
2020-08-02,12022,Beverwijk,106373,498868,1948NS,VR12,Kennemerland,"0,435961337",87,TRUE
2020-08-02,12022,Beverwijk,106373,498868,1948NS,VR10,Noord-Holland-Noord,"0,107744265",87,TRUE
2020-08-02,12022,Beverwijk,106373,498868,1948NS,VR11,Zaanstreek-Waterland,"0,456294399",87,TRUE
2020-08-02,4019,Deventer,205851,476223,7414KA,VR04,IJsselland,1,609,TRUE
2020-08-02,10008,Driebergen,146869,451529,3972EH,VR09,Utrecht,1,0,TRUE
2020-08-02,3033,Echten,224791,525338,7909HS,VR03,Drenthe,"0,969794629",90,TRUE
2020-08-02,3033,Echten,224791,525338,7909HS,VR04,IJsselland,"0,030205371",90,TRUE
2020-08-02,5002,Enschede-West,254652,472540,7547AM,VR05,Twente,1,78,TRUE
2020-08-02,4023,Kampen,188724,509149,8263AP,VR04,IJsselland,1,0,TRUE
2020-08-02,2011,Leeuwarden,184401,578940,8937AN,VR02,Friesland,1,0,TRUE
2020-08-02,13033,Leiden-Zuidwest,92339,461320,2324AB,VR15,Haaglanden,"0,007372899",0,TRUE
2020-08-02,13033,Leiden-Zuidwest,92339,461320,2324AB,VR16,Hollands-Midden,"0,992627101",0,TRUE
2020-08-02,3027,Smilde,226104,551047,9422JK,VR03,Drenthe,1,0,TRUE
2020-08-02,23002,Terneuzen,46894,368651,4538BJ,VR19,Zeeland,1,0,TRUE
2020-08-02,21001,Walcheren,31809,385219,4389VM,VR19,Zeeland,1,6582,TRUE
2020-08-02,18006,Westerschouwen,42833,412362,4328NP,VR19,Zeeland,1,0,FALSE
2020-08-02,4026,Zwolle,199604,502805,8042PK,VR04,IJsselland,1,0,TRUE
2020-08-03,9016,Arnhem,187878,442241,6841HJ,VR07,Gelderland-Midden,"0,864490095",189,TRUE
2020-08-03,9016,Arnhem,187878,442241,6841HJ,VR08,Gelderland-Zuid,"0,135509905",189,TRUE
2020-08-03,28002,Asten,180032,377360,5725TB,VR22,Brabant-Zuidoost,1,0,TRUE
2020-08-03,2021,Damwoude,197783,588948,9113AV,VR02,Friesland,1,0,TRUE
2020-08-03,2012,Drachten,200760,569642,9206AG,VR02,Friesland,1,0,TRUE
2020-08-03,13010,Haarlem-Waarderpolder,105881,489932,2031BH,VR12,Kennemerland,1,548,TRUE
2020-08-03,15008,Harnaschpolder,81598,447803,2635BX,VR15,Haaglanden,"0,959505899",1134,TRUE
2020-08-03,15008,Harnaschpolder,81598,447803,2635BX,VR16,Hollands-Midden,"0,004198207",1134,TRUE
2020-08-03,15008,Harnaschpolder,81598,447803,2635BX,VR17,Rotterdam-Rijnmond,"0,036295894",1134,TRUE
2020-08-02,15005,Houtrust,78484,455921,2566GJ,VR15,Haaglanden,1,1200,TRUE
2020-08-03,2022,Joure,180039,554315,8512AT,VR02,Friesland,1,0,TRUE
2020-08-03,9024,Nijmegen,183502,429077,6551DK,VR08,Gelderland-Zuid,1,603,TRUE
2020-08-03,5012,Oldenzaal,257703,481136,7576PE,VR05,Twente,1,132,TRUE
2020-08-03,17011,Ridderkerk,101964,431762,2984BP,VR17,Rotterdam-Rijnmond,1,2877,TRUE
2020-08-03,10009,Utrecht,135481,458130,3552TJ,VR09,Utrecht,1,750,TRUE
2020-08-04,16010,Capelle ad IJssel/Kralingseveer,96982,435734,2909LM,VR17,Rotterdam-Rijnmond,1,1006,FALSE
2020-08-04,15007,De Groote Lucht,80108,435452,3133KA,VR17,Rotterdam-Rijnmond,"0,906074464",406,TRUE
2020-08-04,15007,De Groote Lucht,80108,435452,3133KA,VR15,Haaglanden,"0,093925536",406,TRUE
2020-08-04,5025,Den Ham,228453,497777,7683PC,VR05,Twente,1,75,TRUE
2020-08-04,12023,Den Helder,115228,547921,1786PT,VR10,Noord-Holland-Noord,1,0,TRUE
2020-08-04,4024,Hardenberg,237908,506639,7691PZ,VR04,IJsselland,1,0,TRUE
2020-08-04,25020,Kaatsheuvel,129083,407604,5171VG,VR20,Midden- en West-Brabant,1,169,TRUE
2020-08-04,25027,Lage Zwaluwe,107818,414149,4926CZ,VR20,Midden- en West-Brabant,1,0,TRUE
2020-08-04,25017,Nieuwveer,107848,404705,4823ZJ,VR20,Midden- en West-Brabant,1,289,TRUE
2020-08-04,17054,Piershil,83701,423791,3265LC,VR18,Zuid-Holland-Zuid,1,0,TRUE
2020-08-04,25013,Riel,129443,393499,5133AB,VR20,Midden- en West-Brabant,1,570,TRUE
2020-08-04,32002,Tilburg,132554,401565,5048TD,VR20,Midden- en West-Brabant,1,84,TRUE
2020-08-04,4027,Tollebeek,175622,521799,8309PP,VR25,Flevoland,1,186,TRUE
2020-08-04,12021,Wervershoof,137975,527101,1693HC,VR10,Noord-Holland-Noord,1,396,TRUE
2020-08-04,12018,Wieringen,131100,549100,1779GX,VR10,Noord-Holland-Noord,1,0,TRUE
2020-08-05,10027,Amersfoort,152483,464648,3812RH,VR09,Utrecht,1,296,TRUE
2020-08-05,11008,Blaricum Gooiergracht,145454,475392,1261JL,VR14,Gooi en Vechtstreek,"0,706612903",0,TRUE
2020-08-05,11008,Blaricum Gooiergracht,145454,475392,1261JL,VR09,Utrecht,"0,293387097",0,TRUE
2020-08-05,8021,Ede,170941,450113,6715AT,VR07,Gelderland-Midden,1,191,TRUE
2020-08-05,5002,Enschede-West,254652,472540,7547AM,VR05,Twente,1,173,TRUE
2020-08-05,7022,Etten,218761,438451,7061GK,VR06,Noord- en Oost-Gelderland,1,69,TRUE
2020-08-05,13030,Leimuiden,104642,470631,2451VX,VR16,Hollands-Midden,"0,855650522",0,TRUE
2020-08-05,13030,Leimuiden,104642,470631,2451VX,VR12,Kennemerland,"0,144349478",0,TRUE
2020-08-05,10037,Loenen,129000,470700,3634BA,VR09,Utrecht,1,55,TRUE
2020-08-05,30007,Maastricht-Bosscherveld,175697,319239,6219NW,VR24,Limburg-Zuid,1,36,TRUE
2020-08-05,13038,Nieuwveen,112426,466225,2441LB,VR16,Hollands-Midden,1,571,TRUE
2020-08-05,30023,Panheel,189132,354020,6097NE,VR23,Limburg-Noord,1,0,TRUE
2020-08-05,30011,Simpelveld,196000,316000,6369XV,VR24,Limburg-Zuid,1,0,TRUE
2020-08-05,27010,St Oedenrode,159021,396687,5492VB,VR21,Brabant-Noord,"0,29726163",0,TRUE
2020-08-05,27010,St Oedenrode,159021,396687,5492VB,VR22,Brabant-Zuidoost,"0,70273837",0,TRUE
2020-08-05,30022,Susteren,186972,341598,6114RG,VR23,Limburg-Noord,"0,321863866",0,TRUE
2020-08-05,30022,Susteren,186972,341598,6114RG,VR24,Limburg-Zuid,"0,678136134",0,TRUE
2020-08-05,30017,Venlo,208583,377116,5928NM,VR23,Limburg-Noord,1,41,TRUE
2020-08-05,30020,Venraij,196603,395898,5804CG,VR23,Limburg-Noord,1,0,TRUE
2020-08-05,7016,Winterswijk,245363,444972,7103AX,VR06,Noord- en Oost-Gelderland,1,0,TRUE
2020-08-05,10020,Woudenberg,158675,455096,3931MR,VR07,Gelderland-Midden,"0,341985268",0,TRUE
2020-08-05,10020,Woudenberg,158675,455096,3931MR,VR09,Utrecht,"0,658014732",0,TRUE
2020-08-06,3010,Assen,234705,558203,9403AK,VR03,Drenthe,1,136,TRUE
2020-08-06,1033,Garmerwolde,240219,585040,9798TC,VR01,Groningen,1,33,TRUE
2020-08-06,1039,Scheemda,262970,576581,9679TW,VR01,Groningen,1,0,TRUE
2020-08-06,3028,Sleen,249969,532246,7841BP,VR03,Drenthe,1,58,TRUE
2020-08-06,1008,Stadskanaal,260571,559393,9501LH,VR01,Groningen,1,141,TRUE
2020-08-06,3023,Tweede Exloermond,259900,481450,7571BM,VR03,Drenthe,1,0,TRUE
2020-08-07,28003,Aarle Rixtel,174610,391423,5735SC,VR21,Brabant-Noord,"0,004472086",322,TRUE
2020-08-07,28003,Aarle Rixtel,174610,391423,5735SC,VR22,Brabant-Zuidoost,"0,995527914",322,TRUE
2020-08-07,8022,Apeldoorn,194895,472607,7317AX,VR06,Noord- en Oost-Gelderland,1,0,TRUE
2020-08-07,27008,Den Bosch,147493,415446,5221CD,VR21,Brabant-Noord,1,151,TRUE
2020-08-07,28005,Dinther,165227,405407,5473XL,VR21,Brabant-Noord,1,79,TRUE
2020-08-07,8017,Epe,196608,484240,8161PH,VR06,Noord- en Oost-Gelderland,1,164,TRUE
2020-08-07,6004,Lelystad,158268,501627,8243PE,VR25,Flevoland,1,119,TRUE
2020-08-07,6006,Zeewolde,163136,485509,3899AW,VR25,Flevoland,1,0,TRUE
2020-08-08,1034,Feerwerd,227917,590220,9892TC,VR01,Groningen,1,0,TRUE
2020-08-08,2038,Franeker,166837,577207,8801JW,VR02,Friesland,1,0,TRUE
2020-08-09,9016,Arnhem,187878,442241,6841HJ,VR07,Gelderland-Midden,"0,864490095",96,TRUE
2020-08-09,9016,Arnhem,187878,442241,6841HJ,VR08,Gelderland-Zuid,"0,135509905",96,TRUE
2020-08-09,15007,De Groote Lucht,80108,435452,3133KA,VR17,Rotterdam-Rijnmond,"0,906074464",594,TRUE
2020-08-09,15007,De Groote Lucht,80108,435452,3133KA,VR15,Haaglanden,"0,093925536",594,TRUE
2020-08-09,13010,Haarlem-Waarderpolder,105881,489932,2031BH,VR12,Kennemerland,1,526,TRUE
2020-08-09,9024,Nijmegen,183502,429077,6551DK,VR08,Gelderland-Zuid,1,111,TRUE
2020-08-10,12023,Den Helder,115228,547921,1786PT,VR10,Noord-Holland-Noord,1,264,TRUE
2020-08-10,4019,Deventer,205851,476223,7414KA,VR04,IJsselland,1,194,TRUE
2020-08-10,3033,Echten,224791,525338,7909HS,VR03,Drenthe,"0,969794629",210,TRUE
2020-08-10,3033,Echten,224791,525338,7909HS,VR04,IJsselland,"0,030205371",210,TRUE
2020-08-10,5002,Enschede-West,254652,472540,7547AM,VR05,Twente,1,353,TRUE
2020-08-10,2015,Gorredijk,199899,558357,8401JD,VR02,Friesland,1,116,TRUE
2020-08-10,15008,Harnaschpolder,81598,447803,2635BX,VR15,Haaglanden,"0,959505899",1121,TRUE
2020-08-10,15008,Harnaschpolder,81598,447803,2635BX,VR16,Hollands-Midden,"0,004198207",1121,TRUE
2020-08-10,15008,Harnaschpolder,81598,447803,2635BX,VR17,Rotterdam-Rijnmond,"0,036295894",1121,TRUE
2020-08-10,15005,Houtrust,78484,455921,2566GJ,VR15,Haaglanden,1,946,TRUE
2020-08-10,4023,Kampen,188724,509149,8263AP,VR04,IJsselland,1,288,TRUE
2020-08-10,2011,Leeuwarden,184401,578940,8937AN,VR02,Friesland,1,0,TRUE
2020-08-10,3027,Smilde,226104,551047,9422JK,VR03,Drenthe,1,0,TRUE
2020-08-10,23002,Terneuzen,46894,368651,4538BJ,VR19,Zeeland,1,72,FALSE
2020-08-10,32002,Tilburg,132554,401565,5048TD,VR20,Midden- en West-Brabant,1,310,TRUE
2020-08-10,4027,Tollebeek,175622,521799,8309PP,VR25,Flevoland,1,0,TRUE
2020-08-10,21001,Walcheren,31809,385219,4389VM,VR19,Zeeland,1,132,TRUE
2020-08-10,12021,Wervershoof,137975,527101,1693HC,VR10,Noord-Holland-Noord,1,334,TRUE
2020-08-10,12018,Wieringen,131100,549100,1779GX,VR10,Noord-Holland-Noord,1,0,TRUE
2020-08-10,4026,Zwolle,199604,502805,8042PK,VR04,IJsselland,1,0,TRUE
2020-08-11,10027,Amersfoort,152483,464648,3812RH,VR09,Utrecht,1,689,TRUE
2020-08-11,11014,Amsterdam-West,114580,490289,1046BS,VR13,Amsterdam-Amstelland,"0,989553131",1041,TRUE
2020-08-11,11014,Amsterdam-West,114580,490289,1046BS,VR09,Utrecht,"0,010446869",1041,TRUE
2020-08-11,9016,Arnhem,187878,442241,6841HJ,VR07,Gelderland-Midden,"0,864490095",76,TRUE
2020-08-11,9016,Arnhem,187878,442241,6841HJ,VR08,Gelderland-Zuid,"0,135509905",76,TRUE
2020-08-11,9013,Asperen,136056,432812,4147CV,VR08,Gelderland-Zuid,1,0,TRUE
2020-08-11,28002,Asten,180032,377360,5725TB,VR22,Brabant-Zuidoost,1,0,TRUE
2020-08-11,25021,Bath,75411,379662,4411SV,VR20,Midden- en West-Brabant,1,350,TRUE
2020-08-11,9017,Bergharen,172712,428608,6617KE,VR08,Gelderland-Zuid,1,0,TRUE
2020-08-11,11008,Blaricum Gooiergracht,145454,475392,1261JL,VR14,Gooi en Vechtstreek,"0,706612903",188,TRUE
2020-08-11,11008,Blaricum Gooiergracht,145454,475392,1261JL,VR09,Utrecht,"0,293387097",188,TRUE
2020-08-11,16010,Capelle ad IJssel/Kralingseveer,96982,435734,2909LM,VR17,Rotterdam-Rijnmond,1,590,TRUE
2020-08-11,2021,Damwoude,197783,588948,9113AV,VR02,Friesland,1,1000,TRUE
2020-08-11,2012,Drachten,200760,569642,9206AG,VR02,Friesland,1,0,TRUE
2020-08-11,8021,Ede,170941,450113,6715AT,VR07,Gelderland-Midden,1,238,TRUE
2020-08-11,2022,Joure,180039,554315,8512AT,VR02,Friesland,1,0,TRUE
2020-08-11,25020,Kaatsheuvel,129083,407604,5171VG,VR20,Midden- en West-Brabant,1,0,TRUE
2020-08-11,25027,Lage Zwaluwe,107818,414149,4926CZ,VR20,Midden- en West-Brabant,1,385,TRUE
2020-08-11,13033,Leiden-Zuidwest,92339,461320,2324AB,VR15,Haaglanden,"0,007372899",390,TRUE
2020-08-11,13033,Leiden-Zuidwest,92339,461320,2324AB,VR16,Hollands-Midden,"0,992627101",390,TRUE
2020-08-11,25017,Nieuwveer,107848,404705,4823ZJ,VR20,Midden- en West-Brabant,1,111,TRUE
2020-08-11,17054,Piershil,83701,423791,3265LC,VR18,Zuid-Holland-Zuid,1,159,TRUE
2020-08-11,25012,Putte,85592,375476,4645BH,VR20,Midden- en West-Brabant,1,0,TRUE
2020-08-11,17011,Ridderkerk,101964,431762,2984BP,VR17,Rotterdam-Rijnmond,1,628,TRUE
2020-08-11,25013,Riel,129443,393499,5133AB,VR20,Midden- en West-Brabant,1,0,TRUE
2020-08-11,27010,St Oedenrode,159021,396687,5492VB,VR21,Brabant-Noord,"0,29726163",0,TRUE
2020-08-11,27010,St Oedenrode,159021,396687,5492VB,VR22,Brabant-Zuidoost,"0,70273837",0,TRUE
2020-08-11,10009,Utrecht,135481,458130,3552TJ,VR09,Utrecht,1,980,TRUE
2020-08-11,10020,Woudenberg,158675,455096,3931MR,VR07,Gelderland-Midden,"0,341985268",107,TRUE
2020-08-11,10020,Woudenberg,158675,455096,3931MR,VR09,Utrecht,"0,658014732",107,TRUE
2020-08-12,5025,Den Ham,228453,497777,7683PC,VR05,Twente,1,0,TRUE
2020-08-12,10008,Driebergen,146869,451529,3972EH,VR09,Utrecht,1,75,TRUE
2020-08-12,7022,Etten,218761,438451,7061GK,VR06,Noord- en Oost-Gelderland,1,243,TRUE
2020-08-12,4024,Hardenberg,237908,506639,7691PZ,VR04,IJsselland,1,0,TRUE
2020-08-12,29003,Land van Cuijk,189957,411781,5443PL,VR21,Brabant-Noord,1,69,TRUE
2020-08-12,13030,Leimuiden,104642,470631,2451VX,VR16,Hollands-Midden,"0,855650522",0,TRUE
2020-08-12,13030,Leimuiden,104642,470631,2451VX,VR12,Kennemerland,"0,144349478",0,TRUE
2020-08-12,10037,Loenen,129000,470700,3634BA,VR09,Utrecht,1,102,TRUE
2020-08-12,30007,Maastricht-Bosscherveld,175697,319239,6219NW,VR24,Limburg-Zuid,1,235,TRUE
2020-08-12,13038,Nieuwveen,112426,466225,2441LB,VR16,Hollands-Midden,1,213,TRUE
2020-08-12,5012,Oldenzaal,257703,481136,7576PE,VR05,Twente,1,201,TRUE
2020-08-12,30023,Panheel,189132,354020,6097NE,VR23,Limburg-Noord,1,0,TRUE
2020-08-12,30011,Simpelveld,196000,316000,6369XV,VR24,Limburg-Zuid,1,122,TRUE
2020-08-12,3028,Sleen,249969,532246,7841BP,VR03,Drenthe,1,0,TRUE
2020-08-12,30022,Susteren,186972,341598,6114RG,VR23,Limburg-Noord,"0,321863866",40,TRUE
2020-08-12,30022,Susteren,186972,341598,6114RG,VR24,Limburg-Zuid,"0,678136134",40,TRUE
2020-08-12,30017,Venlo,208583,377116,5928NM,VR23,Limburg-Noord,1,228,TRUE
2020-08-12,30020,Venraij,196603,395898,5804CG,VR23,Limburg-Noord,1,0,TRUE
2020-08-12,7016,Winterswijk,245363,444972,7103AX,VR06,Noord- en Oost-Gelderland,1,0,TRUE
2020-08-13,12006,Alkmaar,110983,517113,1817ET,VR10,Noord-Holland-Noord,1,499,TRUE
2020-08-13,8022,Apeldoorn,194895,472607,7317AX,VR06,Noord- en Oost-Gelderland,1,479,TRUE
2020-08-13,12022,Beverwijk,106373,498868,1948NS,VR12,Kennemerland,"0,435961337",243,TRUE
2020-08-13,12022,Beverwijk,106373,498868,1948NS,VR10,Noord-Holland-Noord,"0,107744265",243,TRUE
2020-08-13,12022,Beverwijk,106373,498868,1948NS,VR11,Zaanstreek-Waterland,"0,456294399",243,TRUE
2020-08-13,8017,Epe,196608,484240,8161PH,VR06,Noord- en Oost-Gelderland,1,0,TRUE
2020-08-13,2038,Franeker,166837,577207,8801JW,VR02,Friesland,1,0,TRUE
2020-08-13,1033,Garmerwolde,240219,585040,9798TC,VR01,Groningen,1,354,TRUE
2020-08-13,2032,Harlingen,159027,576146,8861KT,VR02,Friesland,1,0,TRUE
2020-08-13,6004,Lelystad,158268,501627,8243PE,VR25,Flevoland,1,448,TRUE
2020-08-13,6006,Zeewolde,163136,485509,3899AW,VR25,Flevoland,1,1645,TRUE
2020-08-14,15007,De Groote Lucht,80108,435452,3133KA,VR17,Rotterdam-Rijnmond,"0,906074464",651,TRUE
2020-08-14,15007,De Groote Lucht,80108,435452,3133KA,VR15,Haaglanden,"0,093925536",651,TRUE
2020-08-14,18006,Westerschouwen,42833,412362,4328NP,VR19,Zeeland,1,0,TRUE
2020-08-15,9016,Arnhem,187878,442241,6841HJ,VR07,Gelderland-Midden,"0,864490095",263,TRUE
2020-08-15,9016,Arnhem,187878,442241,6841HJ,VR08,Gelderland-Zuid,"0,135509905",263,TRUE
2020-08-15,13010,Haarlem-Waarderpolder,105881,489932,2031BH,VR12,Kennemerland,1,299,TRUE
2020-08-15,9024,Nijmegen,183502,429077,6551DK,VR08,Gelderland-Zuid,1,288,TRUE
2020-08-16,9013,Asperen,136056,432812,4147CV,VR08,Gelderland-Zuid,1,156,TRUE
2020-08-16,3010,Assen,234705,558203,9403AK,VR03,Drenthe,1,130,TRUE
2020-08-16,28002,Asten,180032,377360,5725TB,VR22,Brabant-Zuidoost,1,108,TRUE
2020-08-16,16010,Capelle ad IJssel/Kralingseveer,96982,435734,2909LM,VR17,Rotterdam-Rijnmond,1,359,TRUE
2020-08-16,12023,Den Helder,115228,547921,1786PT,VR10,Noord-Holland-Noord,1,139,TRUE
2020-08-16,4019,Deventer,205851,476223,7414KA,VR04,IJsselland,1,144,TRUE
2020-08-16,2038,Franeker,166837,577207,8801JW,VR02,Friesland,1,173,TRUE
2020-08-16,2015,Gorredijk,199899,558357,8401JD,VR02,Friesland,1,86,TRUE
2020-08-16,4023,Kampen,188724,509149,8263AP,VR04,IJsselland,1,130,TRUE
2020-08-16,1039,Scheemda,262970,576581,9679TW,VR01,Groningen,1,135,TRUE
2020-08-16,1008,Stadskanaal,260571,559393,9501LH,VR01,Groningen,1,0,TRUE
2020-08-16,32002,Tilburg,132554,401565,5048TD,VR20,Midden- en West-Brabant,1,297,TRUE
2020-08-16,4027,Tollebeek,175622,521799,8309PP,VR25,Flevoland,1,193,TRUE
2020-08-16,3023,Tweede Exloermond,259900,481450,7571BM,VR03,Drenthe,1,0,TRUE
2020-08-16,12018,Wieringen,131100,549100,1779GX,VR10,Noord-Holland-Noord,1,602,TRUE
2020-08-16,4026,Zwolle,199604,502805,8042PK,VR04,IJsselland,1,47,TRUE
2020-08-17,10027,Amersfoort,152483,464648,3812RH,VR09,Utrecht,1,221,TRUE
2020-08-17,11014,Amsterdam-West,114580,490289,1046BS,VR13,Amsterdam-Amstelland,"0,989553131",361,TRUE
2020-08-17,11014,Amsterdam-West,114580,490289,1046BS,VR09,Utrecht,"0,010446869",361,TRUE
2020-08-17,11008,Blaricum Gooiergracht,145454,475392,1261JL,VR14,Gooi en Vechtstreek,"0,706612903",516,TRUE
2020-08-17,11008,Blaricum Gooiergracht,145454,475392,1261JL,VR09,Utrecht,"0,293387097",516,TRUE
2020-08-17,8021,Ede,170941,450113,6715AT,VR07,Gelderland-Midden,1,110,TRUE
2020-08-17,29003,Land van Cuijk,189957,411781,5443PL,VR21,Brabant-Noord,1,267,TRUE
2020-08-17,5012,Oldenzaal,257703,481136,7576PE,VR05,Twente,1,90,TRUE
2020-08-17,10020,Woudenberg,158675,455096,3931MR,VR07,Gelderland-Midden,"0,341985268",34,TRUE
2020-08-17,10020,Woudenberg,158675,455096,3931MR,VR09,Utrecht,"0,658014732",34,TRUE
2020-08-18,28003,Aarle Rixtel,174610,391423,5735SC,VR21,Brabant-Noord,"0,004472086",114,TRUE
2020-08-18,28003,Aarle Rixtel,174610,391423,5735SC,VR22,Brabant-Zuidoost,"0,995527914",114,TRUE
2020-08-18,25021,Bath,75411,379662,4411SV,VR20,Midden- en West-Brabant,1,46,TRUE
2020-08-18,9017,Bergharen,172712,428608,6617KE,VR08,Gelderland-Zuid,1,0,TRUE
2020-08-18,2021,Damwoude,197783,588948,9113AV,VR02,Friesland,1,93,TRUE
2020-08-18,27008,Den Bosch,147493,415446,5221CD,VR21,Brabant-Noord,1,244,TRUE
2020-08-18,28005,Dinther,165227,405407,5473XL,VR21,Brabant-Noord,1,0,TRUE
2020-08-18,3033,Echten,224791,525338,7909HS,VR03,Drenthe,"0,969794629",0,TRUE
2020-08-18,3033,Echten,224791,525338,7909HS,VR04,IJsselland,"0,030205371",0,TRUE
2020-08-18,2032,Harlingen,159027,576146,8861KT,VR02,Friesland,1,0,TRUE
2020-08-18,15008,Harnaschpolder,81598,447803,2635BX,VR15,Haaglanden,"0,959505899",434,TRUE
2020-08-18,15008,Harnaschpolder,81598,447803,2635BX,VR16,Hollands-Midden,"0,004198207",434,TRUE
2020-08-18,15008,Harnaschpolder,81598,447803,2635BX,VR17,Rotterdam-Rijnmond,"0,036295894",434,TRUE
2020-08-18,15005,Houtrust,78484,455921,2566GJ,VR15,Haaglanden,1,320,TRUE
2020-08-18,25020,Kaatsheuvel,129083,407604,5171VG,VR20,Midden- en West-Brabant,1,389,TRUE
2020-08-18,25027,Lage Zwaluwe,107818,414149,4926CZ,VR20,Midden- en West-Brabant,1,0,TRUE
2020-08-18,2011,Leeuwarden,184401,578940,8937AN,VR02,Friesland,1,291,TRUE
2020-08-18,13033,Leiden-Zuidwest,92339,461320,2324AB,VR15,Haaglanden,"0,007372899",204,TRUE
2020-08-18,13033,Leiden-Zuidwest,92339,461320,2324AB,VR16,Hollands-Midden,"0,992627101",204,TRUE
2020-08-18,10037,Loenen,129000,470700,3634BA,VR09,Utrecht,1,196,TRUE
2020-08-18,25017,Nieuwveer,107848,404705,4823ZJ,VR20,Midden- en West-Brabant,1,401,TRUE
2020-08-18,17054,Piershil,83701,423791,3265LC,VR18,Zuid-Holland-Zuid,1,0,TRUE
2020-08-18,25012,Putte,85592,375476,4645BH,VR20,Midden- en West-Brabant,1,521,TRUE
2020-08-18,25013,Riel,129443,393499,5133AB,VR20,Midden- en West-Brabant,1,0,TRUE
2020-08-18,3027,Smilde,226104,551047,9422JK,VR03,Drenthe,1,0,TRUE
2020-08-18,21001,Walcheren,31809,385219,4389VM,VR19,Zeeland,1,93,TRUE
2020-08-19,12006,Alkmaar,110983,517113,1817ET,VR10,Noord-Holland-Noord,1,171,TRUE
2020-08-19,8022,Apeldoorn,194895,472607,7317AX,VR06,Noord- en Oost-Gelderland,1,80,TRUE
2020-08-19,5025,Den Ham,228453,497777,7683PC,VR05,Twente,1,0,TRUE
2020-08-19,10008,Driebergen,146869,451529,3972EH,VR09,Utrecht,1,282,TRUE
2020-08-19,5002,Enschede-West,254652,472540,7547AM,VR05,Twente,1,0,TRUE
2020-08-19,8017,Epe,196608,484240,8161PH,VR06,Noord- en Oost-Gelderland,1,0,TRUE
2020-08-19,7022,Etten,218761,438451,7061GK,VR06,Noord- en Oost-Gelderland,1,0,TRUE
2020-08-19,1033,Garmerwolde,240219,585040,9798TC,VR01,Groningen,1,0,TRUE
2020-08-19,4024,Hardenberg,237908,506639,7691PZ,VR04,IJsselland,1,34,TRUE
2020-08-19,6004,Lelystad,158268,501627,8243PE,VR25,Flevoland,1,278,TRUE
2020-08-19,30007,Maastricht-Bosscherveld,175697,319239,6219NW,VR24,Limburg-Zuid,1,215,TRUE
2020-08-19,30023,Panheel,189132,354020,6097NE,VR23,Limburg-Noord,1,0,TRUE
2020-08-19,17011,Ridderkerk,101964,431762,2984BP,VR17,Rotterdam-Rijnmond,1,726,TRUE
2020-08-19,30011,Simpelveld,196000,316000,6369XV,VR24,Limburg-Zuid,1,371,TRUE
2020-08-19,27010,St Oedenrode,159021,396687,5492VB,VR21,Brabant-Noord,"0,29726163",0,TRUE
2020-08-19,27010,St Oedenrode,159021,396687,5492VB,VR22,Brabant-Zuidoost,"0,70273837",0,TRUE
2020-08-19,30022,Susteren,186972,341598,6114RG,VR23,Limburg-Noord,"0,321863866",0,TRUE
2020-08-19,30022,Susteren,186972,341598,6114RG,VR24,Limburg-Zuid,"0,678136134",0,TRUE
2020-08-19,10009,Utrecht,135481,458130,3552TJ,VR09,Utrecht,1,410,TRUE
2020-08-19,30017,Venlo,208583,377116,5928NM,VR23,Limburg-Noord,1,73,TRUE
2020-08-19,30020,Venraij,196603,395898,5804CG,VR23,Limburg-Noord,1,265,TRUE
2020-08-19,7016,Winterswijk,245363,444972,7103AX,VR06,Noord- en Oost-Gelderland,1,0,TRUE
2020-08-19,6006,Zeewolde,163136,485509,3899AW,VR25,Flevoland,1,172,TRUE
2020-08-20,3010,Assen,234705,558203,9403AK,VR03,Drenthe,1,0,TRUE
2020-08-20,13038,Nieuwveen,112426,466225,2441LB,VR16,Hollands-Midden,1,62,TRUE
2020-08-20,1039,Scheemda,262970,576581,9679TW,VR01,Groningen,1,0,TRUE
2020-08-20,23002,Terneuzen,46894,368651,4538BJ,VR19,Zeeland,1,0,TRUE
2020-08-19,2022,Joure,180039,554315,8512AT,VR02,Friesland,1,0,TRUE
2020-08-19,2037,Warns,155244,544925,8722HN,VR02,Friesland,1,0,TRUE
2020-08-20,3023,Tweede Exloermond,259900,481450,7571BM,VR03,Drenthe,1,0,TRUE
2020-08-20,13030,Leimuiden,104642,470631,2451VX,VR16,Hollands-Midden,"0,855650522",0,TRUE
2020-08-20,13030,Leimuiden,104642,470631,2451VX,VR12,Kennemerland,"0,144349478",0,TRUE
2020-08-20,1008,Stadskanaal,260571,559393,9501LH,VR01,Groningen,1,0,TRUE
2020-08-20,12021,Wervershoof,137975,527101,1693HC,VR10,Noord-Holland-Noord,1,738,TRUE
2020-08-21,16010,Capelle ad IJssel/Kralingseveer,96982,435734,2909LM,VR17,Rotterdam-Rijnmond,1,205,TRUE
2020-08-21,2021,Damwoude,197783,588948,9113AV,VR02,Friesland,1,231,TRUE
2020-08-21,13010,Haarlem-Waarderpolder,105881,489932,2031BH,VR12,Kennemerland,1,690,TRUE
2020-08-21,27010,St Oedenrode,159021,396687,5492VB,VR21,Brabant-Noord,"0,29726163",0,TRUE
2020-08-21,27010,St Oedenrode,159021,396687,5492VB,VR22,Brabant-Zuidoost,"0,70273837",0,TRUE
2020-08-22,32002,Tilburg,132554,401565,5048TD,VR20,Midden- en West-Brabant,1,440,TRUE
2020-08-22,4027,Tollebeek,175622,521799,8309PP,VR25,Flevoland,1,0,TRUE
2020-08-23,10027,Amersfoort,152483,464648,3812RH,VR09,Utrecht,1,540,TRUE
2020-08-23,11014,Amsterdam-West,114580,490289,1046BS,VR13,Amsterdam-Amstelland,"0,989553131",1592,TRUE
2020-08-23,11014,Amsterdam-West,114580,490289,1046BS,VR09,Utrecht,"0,010446869",1592,TRUE
2020-08-23,2012,Drachten,200760,569642,9206AG,VR02,Friesland,1,0,TRUE
2020-08-23,3033,Echten,224791,525338,7909HS,VR03,Drenthe,"0,969794629",0,TRUE
2020-08-23,3033,Echten,224791,525338,7909HS,VR04,IJsselland,"0,030205371",0,TRUE
2020-08-23,8021,Ede,170941,450113,6715AT,VR07,Gelderland-Midden,1,263,TRUE
2020-08-23,29003,Land van Cuijk,189957,411781,5443PL,VR21,Brabant-Noord,1,82,TRUE
2020-08-23,5012,Oldenzaal,257703,481136,7576PE,VR05,Twente,1,0,TRUE
2020-08-23,3028,Sleen,249969,532246,7841BP,VR03,Drenthe,1,0,TRUE
2020-08-23,3027,Smilde,226104,551047,9422JK,VR03,Drenthe,1,0,TRUE
2020-08-23,10009,Utrecht,135481,458130,3552TJ,VR09,Utrecht,1,773,TRUE
2020-08-23,10020,Woudenberg,158675,455096,3931MR,VR07,Gelderland-Midden,"0,341985268",0,TRUE
2020-08-23,10020,Woudenberg,158675,455096,3931MR,VR09,Utrecht,"0,658014732",0,TRUE
2020-08-24,28002,Asten,180032,377360,5725TB,VR22,Brabant-Zuidoost,1,92,TRUE
2020-08-24,27008,Den Bosch,147493,415446,5221CD,VR21,Brabant-Noord,1,799,TRUE
2020-08-24,28005,Dinther,165227,405407,5473XL,VR21,Brabant-Noord,1,0,TRUE
2020-08-24,15008,Harnaschpolder,81598,447803,2635BX,VR15,Haaglanden,"0,959505899",179,TRUE
2020-08-24,15008,Harnaschpolder,81598,447803,2635BX,VR16,Hollands-Midden,"0,004198207",179,TRUE
2020-08-24,15008,Harnaschpolder,81598,447803,2635BX,VR17,Rotterdam-Rijnmond,"0,036295894",179,TRUE
2020-08-24,15005,Houtrust,78484,455921,2566GJ,VR15,Haaglanden,1,413,TRUE
2020-08-24,10037,Loenen,129000,470700,3634BA,VR09,Utrecht,1,60,TRUE
2020-08-25,28003,Aarle Rixtel,174610,391423,5735SC,VR21,Brabant-Noord,"0,004472086",39,TRUE
2020-08-25,28003,Aarle Rixtel,174610,391423,5735SC,VR22,Brabant-Zuidoost,"0,995527914",39,TRUE
2020-08-25,12006,Alkmaar,110983,517113,1817ET,VR10,Noord-Holland-Noord,1,94,TRUE
2020-08-25,6005,Almere,145400,490200,1332AG,VR25,Flevoland,1,897,TRUE
2020-08-25,8022,Apeldoorn,194895,472607,7317AX,VR06,Noord- en Oost-Gelderland,1,0,TRUE
2020-08-25,9013,Asperen,136056,432812,4147CV,VR08,Gelderland-Zuid,1,0,TRUE
2020-08-25,3010,Assen,234705,558203,9403AK,VR03,Drenthe,1,0,TRUE
2020-08-25,25021,Bath,75411,379662,4411SV,VR20,Midden- en West-Brabant,1,331,TRUE
2020-08-25,12022,Beverwijk,106373,498868,1948NS,VR12,Kennemerland,"0,435961337",79,TRUE
2020-08-25,12022,Beverwijk,106373,498868,1948NS,VR10,Noord-Holland-Noord,"0,107744265",79,TRUE
2020-08-25,12022,Beverwijk,106373,498868,1948NS,VR11,Zaanstreek-Waterland,"0,456294399",79,TRUE
2020-08-25,15007,De Groote Lucht,80108,435452,3133KA,VR17,Rotterdam-Rijnmond,"0,906074464",277,TRUE
2020-08-25,15007,De Groote Lucht,80108,435452,3133KA,VR15,Haaglanden,"0,093925536",277,TRUE
2020-08-25,10008,Driebergen,146869,451529,3972EH,VR09,Utrecht,1,134,TRUE
2020-08-25,8017,Epe,196608,484240,8161PH,VR06,Noord- en Oost-Gelderland,1,0,TRUE
2020-08-25,25020,Kaatsheuvel,129083,407604,5171VG,VR20,Midden- en West-Brabant,1,0,TRUE
2020-08-25,25027,Lage Zwaluwe,107818,414149,4926CZ,VR20,Midden- en West-Brabant,1,0,TRUE
2020-08-25,6004,Lelystad,158268,501627,8243PE,VR25,Flevoland,1,329,TRUE
2020-08-25,25017,Nieuwveer,107848,404705,4823ZJ,VR20,Midden- en West-Brabant,1,58,TRUE
2020-08-25,17054,Piershil,83701,423791,3265LC,VR18,Zuid-Holland-Zuid,1,131,TRUE
2020-08-25,17011,Ridderkerk,101964,431762,2984BP,VR17,Rotterdam-Rijnmond,1,529,TRUE
2020-08-25,25013,Riel,129443,393499,5133AB,VR20,Midden- en West-Brabant,1,0,TRUE
2020-08-25,1039,Scheemda,262970,576581,9679TW,VR01,Groningen,1,0,TRUE
2020-08-25,1008,Stadskanaal,260571,559393,9501LH,VR01,Groningen,1,46,TRUE
2020-08-25,3023,Tweede Exloermond,259900,481450,7571BM,VR03,Drenthe,1,0,TRUE
2020-08-25,21001,Walcheren,31809,385219,4389VM,VR19,Zeeland,1,0,TRUE
2020-08-25,18006,Westerschouwen,42833,412362,4328NP,VR19,Zeeland,1,0,TRUE
2020-08-25,6006,Zeewolde,163136,485509,3899AW,VR25,Flevoland,1,208,TRUE
2020-08-26,9016,Arnhem,187878,442241,6841HJ,VR07,Gelderland-Midden,"0,864490095",270,TRUE
2020-08-26,9016,Arnhem,187878,442241,6841HJ,VR08,Gelderland-Zuid,"0,135509905",270,TRUE
2020-08-26,5025,Den Ham,228453,497777,7683PC,VR05,Twente,1,0,TRUE
2020-08-26,12023,Den Helder,115228,547921,1786PT,VR10,Noord-Holland-Noord,1,24,TRUE
2020-08-26,4019,Deventer,205851,476223,7414KA,VR04,IJsselland,1,171,TRUE
2020-08-26,5002,Enschede-West,254652,472540,7547AM,VR05,Twente,1,58,TRUE
2020-08-26,7022,Etten,218761,438451,7061GK,VR06,Noord- en Oost-Gelderland,1,0,TRUE
2020-08-26,2038,Franeker,166837,577207,8801JW,VR02,Friesland,1,0,TRUE
2020-08-26,4024,Hardenberg,237908,506639,7691PZ,VR04,IJsselland,1,0,TRUE
2020-08-26,2032,Harlingen,159027,576146,8861KT,VR02,Friesland,1,0,TRUE
2020-08-26,2022,Joure,180039,554315,8512AT,VR02,Friesland,1,0,TRUE
2020-08-26,4023,Kampen,188724,509149,8263AP,VR04,IJsselland,1,0,TRUE
2020-08-26,13030,Leimuiden,104642,470631,2451VX,VR16,Hollands-Midden,"0,855650522",0,TRUE
2020-08-26,13030,Leimuiden,104642,470631,2451VX,VR12,Kennemerland,"0,144349478",0,TRUE
2020-08-26,30007,Maastricht-Bosscherveld,175697,319239,6219NW,VR24,Limburg-Zuid,1,240,TRUE
2020-08-26,13038,Nieuwveen,112426,466225,2441LB,VR16,Hollands-Midden,1,0,TRUE
2020-08-26,30023,Panheel,189132,354020,6097NE,VR23,Limburg-Noord,1,36,TRUE
2020-08-26,30011,Simpelveld,196000,316000,6369XV,VR24,Limburg-Zuid,1,47,TRUE
2020-08-26,3028,Sleen,249969,532246,7841BP,VR03,Drenthe,1,0,TRUE
2020-08-26,30022,Susteren,186972,341598,6114RG,VR23,Limburg-Noord,"0,321863866",443,TRUE
2020-08-26,30022,Susteren,186972,341598,6114RG,VR24,Limburg-Zuid,"0,678136134",443,TRUE
2020-08-26,30017,Venlo,208583,377116,5928NM,VR23,Limburg-Noord,1,292,TRUE
2020-08-26,2037,Warns,155244,544925,8722HN,VR02,Friesland,1,0,TRUE
2020-08-26,12021,Wervershoof,137975,527101,1693HC,VR10,Noord-Holland-Noord,1,0,TRUE
2020-08-26,12018,Wieringen,131100,549100,1779GX,VR10,Noord-Holland-Noord,1,0,TRUE
2020-08-26,7016,Winterswijk,245363,444972,7103AX,VR06,Noord- en Oost-Gelderland,1,0,TRUE
2020-08-26,4026,Zwolle,199604,502805,8042PK,VR04,IJsselland,1,0,TRUE
2020-08-27,2015,Gorredijk,199899,558357,8401JD,VR02,Friesland,1,0,TRUE
2020-08-27,2011,Leeuwarden,184401,578940,8937AN,VR02,Friesland,1,59,TRUE
2020-08-27,23002,Terneuzen,46894,368651,4538BJ,VR19,Zeeland,1,59,TRUE
